No.,Character,Study Word,Furigana,Translation,Grade Level,JLPT,FR
1,亜,亜種,あしゅ,sub-(species),S,N1,1
4,愛,愛,あい,love,G4,N3,1
6,悪,悪い,わるい,bad,G3,N4,1
12,安,安い,やすい,cheap inexpensive,G3,N4,1
13,案,案内,あんない,guide/like a map,G4,N1,1
15,以,以上,いじょう," ""thats all""",G4,N4,1
33,意,意味,いみ,meaning,G3,N4,1
41,一,一/一つ,いち/ひとつ,one,G1,N5,1
46,引,引く,ひく,pull,G2,N3,1
51,員,店員,てんいん,shop staff,G3,N4,1
52,院,病院,びょういん,hospital,G3,N4,1
55,飲,のむ,のむ,to drink,G3,N4,1
58,右,右,みぎ,right,G1,N5,1
60,羽,羽,はね,wings,G2,N2,1
61,雨,雨,あめ,rain,G1,N5,1
69,泳,泳ぐ,およぐ,swim,G3,N3,1
71,映,映画,えいが,movie,G6,N4,1
82,駅,駅,えき,station,G3,N4,1
87,円,円,えん,yen,G1,N5,1
95,園,公園,こうえん,public park,G2,N3,1
104,汚,汚い,きたない,dirty,S,N2,1
105,王,王様,おうさま,King,G1,N3,1
106,凹,凸凹,でこぼこ,uneven surface,S,N1,1
107,央,中央,ちゅうおう,Chuo,G3,N2,1
114,桜,桜,さくら,cherry blossom,G5,N1,1
116,奥,奥さん,おくさん,wife,S,N2,1
119,屋,本屋,ほんや,book shop,G3,N4,1
120,億,億,おく,one hundred million,G4,N2,1
124,乙,乙,おとめ,maiden young girl,S,N1,1
127,音,音/音楽,おと/おんがく,sound/music,G1,N4,1
129,温,温泉,おんせん,onsen,G3,N2,1
131,下,下,した,below,G1,N5,1
132,化,文化,ぶんか,culture,G3,N3,1
133,火,火/火曜日,ひ/かようび,flame/tuesday,G1,N5,1
137,何,何に?,なに?,what?,G2,N5,1
138,花,花,はな,flower,G1,N4,1
146,夏,夏,なつ,summer,G2,N4,1
147,家,家,いえ,house,G2,N4,1
153,過,過ぎる,すぎる,too much,G5,N3,1
159,歌,歌,うた,song,G2,N4,1
167,画,映画,えいが,movie,G2,N4,1
173,回,回 （ex. 四回）,かい　（ex. よんかい）,times (ex. four times),G2,N3,1
175,会,会議,かいぎ,meeting,G2,N4,1
182,海,海,うみ,ocean,G2,N4,1
184,皆,皆,みんな,everyone,S,N3,1
186,絵,絵,え,picture,G2,N3,1
187,開,開ける/開く,あける/ひらく,to open/to slide open,G3,N4,1
188,階,階,かい,floor,G3,N2,1
196,貝,貝,かい,shellfish,G1,N2,1
197,外,外,そと,outside/foreign,G2,N5,1
211,角,角,かど,corner,G2,N2,1
226,学,学校,がっこう,school,G1,N5,1
228,楽,楽しい,たのしい,fun,G2,N4,1
234,活,生活,せいかつ,daily life,G2,N3,1
249,甘,甘い,あまい,sweet,S,N2,1
263,寒,寒い,さむい,cold,G3,N3,1
270,間,間,かん,length of time,G2,N5,1
275,感,感,かんじ,feeling,G3,N3,1
276,漢,漢字,かんじ,Kanji,G3,N4,1
279,関,関西,かんさい,Kansai,G4,N3,1
285,館,図書館,としょかん,Library ,G3,N4,1
292,丸,丸,まるい,round,G2,N2,1
299,顔,顔,かお,face,G2,N3,1
300,願,お願い,おねがい,wish,G4,N3,1
303,危,危ない,あぶない,dangerous,G6,N3,1
304,机,机,つくえ,desk,G6,N2,1
305,気,元気,げんき,genki,G1,N5,1
307,希,希望,きぼう,request,G4,N2,1
312,季,季節,きせつ,season,G4,N2,1
316,記,日記,にっき,diary,G2,N3,1
317,起,起きる,おきる,to wake up,G3,N4,1
320,帰,帰る,かえる,to return home,G2,N4,1
328,期,期間,きかん,period of time,G3,N3,1
355,客,客,きゃく,customer,G3,N3,1
359,九,九,きゅう,nine,G1,N5,1
360,久,久しぶり,ひさしぶり,long time no see,G5,N2,1
365,休,休む,やすむ,rest,G1,N5,1
370,究,研究,けんきゅう,research,G3,N4,1
371,泣,泣,なく,cry,G4,N1,1
372,急,急ぐ,いそぐ,hurry,G3,N4,1
377,球,地球,ちきゅう,earth (sphere),G3,N3,1
381,牛,牛,うし,cow,G2,N4,1
391,魚,魚,さかな,fish,G2,N4,1
392,御,御 (御飯),ご (御飯),honorific (rice/meal),S,N3,1
398,京,京都,きょうと,Kyoto (capital),G2,N4,1
400,供,子供,こども,child,G6,N3,1
410,強,強い,つよい,strong,G2,N4,1
411,教,教える,おしえる,to teach,G2,N4,1
414,橋,橋,ばし,bridge,G3,N2,1
422,業,卒業,そつぎょう,graduate,G3,N4,1
424,曲,曲,きょく,song,G3,N3,1
427,玉,玉,だま,ball,G1,N2,1
431,近,近い,ちかい,near,G2,N4,1
432,金,金/金曜日,きん/きんようび,gold/friday,G1,N5,1
444,銀,銀,ぎん,silver,G3,N4,1
445,区,区,く,ward,G3,N2,1
446,句,文句/俳句,もんく/はいく,complaint/haiku,G5,N1,1
452,空,空,そら,sky,G1,N4,1
462,君,君,きみ,you (informal),G3,N3,1
469,兄,兄,あに,brother,G2,N4,1
471,形,形,かたち,shape,G2,N3,1
478,計,計画,けいかく,plan,G2,N4,1
508,血,血,ち,blood,G3,N2,1
509,決,決める,きめる,to decide,G3,N3,1
513,月,月/月曜日,つき/げつようび,moon/monday,G1,N5,1
514,犬,犬,いぬ,dog,G1,N4,1
516,見,見る,みる,to see,G1,N5,1
520,研,研究,けんきゅう,research,G3,N4,1
521,県,県,けん,Prefecture,G3,N2,1
532,嫌,嫌い,きらい,hate,S,N1,1
545,元,元気,げんき,genki,G2,N4,1
548,言,言う,いう,to say,G2,N4,1
551,原,原 (秋葉原),ばら（あきはばら）,high plain (Akihabara),G2,N3,1
558,戸,戸,ど,door,G2,N2,1
559,古,古い,ふるい,old,G2,N4,1
576,五,五/五つ,ご/いつつ,five,G1,N5,1
578,午,午前/午後,ごぜん/ごご,noon (before noon/after noon),G2,N5,1
580,後,後,あと,after,G2,N5,1
584,語,語（日本語）,ご （にほんご）,language (Japanese),G2,N5,1
587,口,口,くち,Mouth,G1,N4,1
588,工,工事,こうじ,construction,G2,N4,1
589,公,公園,こうえん,public park,G2,N4,1
594,広,広い,ひろい,wide,G2,N4,1
597,光,光,ひかり,light,G2,N3,1
600,好,好き,すき,Like,G4,N3,1
602,考,考える,かんがえる,to think,G2,N4,1
603,行,行く,いく,to go,G2,N5,1
610,幸,幸せ,しあわせ,happiness,G3,N3,1
623,校,学校,がっこう,school,G1,N5,1
628,高,高い,たかい,expensive,G2,N5,1
635,港,港/空港,"みなと/くうこう
",Harbor/Airport,G3,N3,1
645,興,興味,きょうみ,interest,G5,N1,1
651,号,信号,しんご,traffic light,G3,N3,1
659,谷,谷,たに,valley,G2,N2,1
661,国,国,こく,country,G2,N5,1
662,黒,黒い,くろい,black,G2,N4,1
666,骨,骨,ほね,bone,G6,N2,1
668,込,込む,こむ,to get crowded,S,N3,1
670,今,今,いま,now,G2,N5,1
671,困,困る,こまる,trouble,G6,N3,1
682,左,左,ひだり,left,G1,N5,1
686,砂,砂,すな,sand,G6,N2,1
691,座,座る,すわる,to sit,G6,N3,1
693,才,才,さい,age (casual),G2,N3,1
704,祭,祭,まつり,festival,G3,N2,1
708,最,最高,さいこう,the best/most/greatest,G4,N3,1
713,歳,歳,さい,age,S,N3,1
723,作,作る,つくる,make,G2,N4,1
725,昨,昨,きのう,yesterday,G4,N3,1
732,咲,咲,さく,bloom,S,N2,1
743,皿,皿,さら,plate,G3,N2,1
744,三,三/三つ,さん/みつ,three,G1,N5,1
745,山,山,やま,mountain,G1,N5,1
751,傘,傘,かさ,umbrella,S,N1,1
760,子,子供,こども,child,G1,N5,1
762,止,止まる,とまる,to stop,G2,N4,1
764,仕,仕事,しごと,work/job,G3,N4,1
765,史,歴史,れきし,history,G4,N2,1
767,四,四,よん,four,G1,N5,1
768,市,市　（都市）,し・とし,city,G2,N3,1
771,死,死ぬ,しぬ,to die,G3,N4,1
772,糸,糸,いと,string,G1,N2,1
776,私,私,わたし,me,G6,N4,1
777,使,使う,つかう,to use,G3,N4,1
779,始,始まる/始める,はじまる/はじめる,to start,G3,N4,1
780,姉,姉 ,あね,older sister,G2,N4,1
785,思,思う,おもう,think,G2,N4,1
795,歯,歯,は,tooth,G3,N3,1
797,試,試験,しけん,test,G4,N4,1
807,字,文字,もんじ,character/letter (of the alphabet),G1,N4,1
808,寺,寺,てら,temple,G2,N2,1
809,次,次,つぎ,next,G3,N3,1
810,耳,耳,みみ,ear,G1,N3,1
811,自,自分,じぶん,oneself,G2,N4,1
814,事,事,こと,thing,G3,N4,1
817,持,持つ,もつ,hold,G3,N4,1
818,時,時,とき,time,G2,N5,1
826,式,結婚式,けっこんしき,wedding (ceremony),G3,N3,1
829,七,七/七つ,しち/なな/ななつ,seven,G1,N5,1
832,室,室,しつ,room,G2,N4,1
838,質,質問,しつもん,question,G5,N4,1
839,実,実つ	,じつ,Actually...,G3,N3,1
841,写,写真,しゃしん,Photo,G3,N4,1
842,社,会社,かいしゃ,company,G2,N4,1
843,車,車,くるま,car,G1,N5,1
845,者,者（医者）,しゃ（いしゃ）,person (doctor),G3,N4,1
860,若,若,わかい,young,G6,N3,1
861,弱,弱,よわい,weak,G2,N2,1
863,手,手,て,hand,G1,N4,1
864,主,主人,しゅじん,head of household/landlord,G3,N4,1
867,取,取る,とる,take,G3,N3,1
869,首,首,くび,neck,G2,N3,1
872,酒,酒,さけ,alchohal,G3,N3,1
877,受,受ける,うける,to recieve,G3,N3,1
886,舟,舟,ふね,boat,S,N2,1
891,秋,秋,あき,fall ,G2,N4,1
892,臭,臭い,くさい,smelly,S,N1,1
895,終,終わる,おわる,to finish,G3,N4,1
897,習,練習,れんしゅう,practice,G3,N4,1
898,週,週　（週末）,しゅう　（しゅうまつ）,week (weekend),G2,N4,1
901,集,集まる,あつまる,gather,G3,N4,1
907,十,十,じゅう・とお,ten,G1,N5,1
910,住,すむ,すむ,to live,G3,N4,1
912,重,重い,おもい,heavy,G3,N4,1
920,宿,宿題,しゅくだい,homework,G3,N3,1
926,出,でる,でる,to go out,G1,N5,1
930,春,春,はる,spring,G2,N4,1
944,初,初めまして,はじめまして,first time,G4,N3,1
945,所,所,ところ,place,G3,N3,1
946,書,書く,かく,write,G2,N5,1
948,暑,暑い,あつい,hot (weather),G3,N1,1
950,緒,一緒に,いっしょに,together,S,N3,1
952,女,女,おんな,woman,G1,N5,1
959,小,小,ちいさい,small,G1,N5,1
961,少,少し,すこし,a little,G2,N4,1
976,消,消える/消えす,きえる/きえす,to extinguish or turn off (light),G3,N3,1
980,笑,笑う,わらう,laugh,G4,N3,1
990,焼,焼,やき,to grill,G4,N2,1
1009,上,上,うえ,above,G1,N5,1
1010,丈,大丈夫,だいじょうぶ,okay,S,N1,1
1011,冗,冗談,じょうだん,joke,S,N1,1
1014,乗,乗る,のる,to ride,G3,N3,1
1015,城,城 (大坂城),しろ（おおさかじょう）,castle (Osaka castle),G6,N2,1
1020,場,場所,ばしょ,place,G2,N4,1
1029,色,色,いろ,color,G2,N4,1
1031,食,食べる,たべる,to eat,G2,N5,1
1041,心,心,こころ,heart,G2,N4,1
1046,身,自身,じしん,ones self,G3,N1,1
1047,辛,辛,からい,spicy,S,N2,1
1049,信,信じる,しんじる,believe,G4,N3,1
1056,真,写真/真ん中,しゃしん/まんなか,picture/center,G3,N4,1
1058,深,深い,ふかい,deep,G3,N3,1
1061,森,森,もり,forest,G1,N2,1
1065,新,新しい,あたらし,new,G2,N4,1
1069,親,親,おや,parents,G2,N4,1
1070,人,人,ひと,person,G1,N5,1
1080,図,地図,ちず,map,G2,N4,1
1081,水,水/水曜日,みず/すいようび,water/wednesday,G1,N5,1
1097,数,数字,すうじ,number,G2,N3,1
1105,世,世界,せかい,world,G3,N4,1
1106,正,正しい,ただしい,correct,G1,N4,1
1107,生,生きる/人生,いきる/じんせい,to live/life (human),G1,N5,1
1109,西,西,にし,west,G2,N5,1
1110,声,声,こえ,voice,G2,N3,1
1114,性,女性/男性,じょせい/だんせい,female/male,G5,N3,1
1115,青,青い,あおい,blue,G1,N4,1
1118,星,星,ほし,star,G2,N2,1
1133,静,静か,しずか,quiet,G4,N3,1
1138,夕,夕方,ゆうがた,evening,G1,N4,1
1140,石,石,いし,rock,G1,N3,1
1141,赤,赤い,あかい,red,G1,N4,1
1142,昔,昔,むかし,way in the past (A long time ago),G3,N3,1
1144,席,席,せき,seat,G4,N3,1
1154,切,切る,きる,cut,G2,N4,1
1160,雪,雪,ゆき,snow,G2,N3,1
1163,説,説明,せつめい,explain,G4,N3,1
1166,千,千,せん,one thousand,G1,N5,1
1167,川,川,かわ,river,G1,N5,1
1170,先,先生,せんせい,teacher,G1,N5,1
1174,浅,浅,あさい,shallow,G4,N2,1
1175,洗,洗濯,せんたく,laundry,G6,N3,1
1190,線,線,せん,line (like a train line),G2,N2,1
1192,選,選ぶ,えらぶ,to choose,G4,N3,1
1196,全,全部,ぜんぶ,all,G3,N3,1
1197,前,前,まえ,before,G2,N5,1
1199,然,自然,しぜん,nature,G4,N3,1
1211,組,組,ぐみ,team,G2,N3,1
1219,早,早い,はやい,early (get up early),G1,N4,1
1225,草,草,くさ,grass,G1,N3,1
1226,送,送る,おくる,send,G3,N4,1
1263,足,足,あし,leg feet,G1,N4,1
1272,族,家族,かそく,family,G3,N4,1
1276,卒,卒業する,そつぎょうする,to graduate ,G4,N2,1
1285,多,多い,おおい,many,G2,N4,1
1292,駄,駄目,だめ,bad,S,N1,1
1293,太,太,ふとる,fat,G2,N3,1
1295,体,体,からだ,body,G2,N4,1
1297,待,待つ,まつ,wait,G3,N4,1
1307,貸,貸す,かす,to lend,G5,N4,1
1312,大,大,おおき,big,G1,N5,1
1313,代,時代,じだい,era,G3,N4,1
1314,台,台所,だいどころ,kitchen,G2,N4,1
1316,題,宿題,しゅくだい,homework,G3,N4,1
1318,宅,自宅,じたく,ones home,G6,N3,1
1331,棚,棚,たな,shelf,S,N1,1
1334,旦,旦那,だんな,husband,S,N1,1
1341,短,短い,みじい,Short,G3,N2,1
1345,誕,誕生日,たんじょうび,birthday,G6,N1,1
1348,男,男,おとこ,boy,G1,N5,1
1355,地,地球,ちきゅう,earth,G2,N4,1
1356,池,池,いけ,pond,G2,N2,1
1357,知,知る,しる,to know,G2,N4,1
1373,茶,お茶,おちゃ,tea,G2,N4,1
1374,着,着る,きる,to wear,G3,N4,1
1376,中,中,なかま,middle,G1,N5,1
1378,虫,虫,むし,bug (casual),G1,N2,1
1384,昼,昼ご飯,ひるごはん,noon/lunch,G2,N4,1
1396,町,町,まち,town,G1,N4,1
1397,長,長い,ながい,long,G2,N5,1
1405,鳥,鳥,とり,bird,G2,N4,1
1406,朝,朝,あさ,morning,G2,N4,1
1437,低,低い,ひくい,low,G4,N2,1
1441,定,予定,よてい,plan,G3,N3,1
1449,庭,庭,にわ,garden,G3,N3,1
1460,的,的 (一般->一般的),てき (いっぱんー＞いっぱんてき）,ly (Typical -> Typically),G4,N1,1
1472,天,天国,てんごく,heaven,G1,N5,1
1474,店,店,みせ,shop,G2,N4,1
1475,点,点,てん,point,G2,N3,1
1478,転,自転車,じてんしゃ,bicycle,G3,N4,1
1480,田,田舎,いなか,countryside,G1,N4,1
1483,電,電気,でんき,electricity,G2,N5,1
1489,都,京都,きょうと,Kyoto (capital),G3,N3,1
1493,土,土/土曜日,つち/どようび,dirt/saturday,G1,N5,1
1496,度,今度,こんど,this time,G3,N4,1
1497,怒,怒る,おこる,to get mad,S,N3,1
1498,刀,刀,かたな,sword,G2,N1,1
1499,冬,冬,ふゆ,winter,G2,N4,1
1501,当,本当に？,ほんとうに？,really?,G2,N3,1
1503,豆,豆,まめ,bean,G3,N1,1
1504,東,東,ひがし,east,G2,N5,1
1510,島,島,しま,island,G3,N2,1
1511,桃,桃,もも,peach,S,N1,1
1524,答,答える,こたえる,to answer,G2,N4,1
1531,頭,頭,あたま,head,G2,N3,1
1536,同,同,おなじ,same,G2,N4,1
1542,道,道,みち,street/road,G2,N4,1
1549,特,特別,とくべつ,especially,G4,N4,1
1556,読,読む,よむ,to read,G2,N5,1
1558,凸,凸凹,でこぼこ,uneven surface,S,N1,1
1562,豚,豚,ぶた,pig,S,N1,1
1567,丼,牛丼,ぎゅうどん,bowl,S,N1,1
1570,内,内,うち,inside,G2,N3,1
1574,南,南,みなみ,south,G2,N5,1
1577,二,二/二つ,に/ふたつ,two,G1,N5,1
1580,匂,匂い,におい,smell,S,N1,1
1581,肉,肉,にく,meat,G2,N4,1
1583,日,日/日曜日,ひ/にちようび,day/sunday,G1,N5,1
1584,入,入れる/入いる,いれる/はいる,to put in/to go in,G1,N5,1
1585,乳,牛乳,ぎゅんにゅう,milk,G6,N2,1
1592,熱,熱い,あつい,hot,G4,N3,1
1593,年,年,ねん,year,G1,N5,1
1609,馬,馬,うま,horse,G2,N3,1
1614,背,背,せ,back,G6,N3,1
1617,配,心配,しんぱい,worried,G3,N3,1
1622,売,売る,うる,to sell,G2,N4,1
1624,梅,梅,うめ,plum,G4,N1,1
1628,買,買う,かう,to shop ,G2,N4,1
1630,白,白い,しろい,white,G1,N5,1
1643,箱,箱,はこ,box,G3,N3,1
1647,八,八/八つ,はち/やっつ,eight,G1,N5,1
1649,発,発表,はっぴょう,announcement,G3,N4,1
1656,半,半,はん,half,G2,N5,1
1672,飯,ご飯,ごはん,rice/meal,G4,N4,1
1679,晩,今晩は,こんばんは,night,G6,N3,1
1680,番,番/（一番）,ばん （いちばん）,number (number 1),G2,N3,1
1683,比,比べる,くらべる,compare,G5,N2,1
1688,彼,彼,かれ,he,S,N3,1
1697,悲,悲,かなし,sad,G3,N3,1
1705,美,美しい,うつくしい,beautiful,G3,N3,1
1708,鼻,鼻,はな,nose,G3,N2,1
1716,百,百,ひゃく,one hundred,G1,N5,1
1717,氷,氷,こおり,ice,G3,N2,1
1726,病,病気,びょうき,sick,G3,N4,1
1728,猫,猫,ねこ,cat,S,N3,1
1729,品,作品,さくひん,artworks,G3,N4,1
1730,浜,浜,はま,beach,S,N1,1
1736,不,不便,ふべん,inconvenient,G4,N4,1
1738,父,父,ちち,father,G2,N5,1
1764,風,風,かぜ,wind,G2,N4,1
1766,服,服,ふく,clothes,G3,N4,1
1770,福,福,ふく,good luck,G3,N3,1
1777,物,物,もの,thing (physical),G3,N4,1
1785,分,分かる/一分,わかる/ぷん,minutes or to understand,G2,N1,1
1786,文,文化,ぶんか,culture,G1,N4,1
1787,聞,聞く,きく,to hear,G2,N5,1
1795,閉,閉,しめる,to close,G6,N3,1
1801,米,米,こめ,rice,G2,N3,1
1805,別,別 に,べつに,no problem/not really,G4,N4,1
1810,変,変,へん,strange,G4,N3,1
1814,弁,弁当,べんと,bento,G5,N1,1
1815,便,便利,べんり,convenient,G4,N3,1
1816,勉,勉強,べんきょう,study,G3,N4,1
1817,歩,歩く,あるく,walk,G2,N4,1
1823,母,母,はは,mother,G2,N5,1
1829,方,方,ｘｘｘかた,how to xxx,G2,N4,1
1837,法,文法,ぶんぽ,grammar,G4,N3,1
1852,亡,亡くなる,なくなる,pass away,G6,N3,1
1854,忙,忙しい,いそがしい,busy,S,N3,1
1857,忘,忘れる,わすれる,forget,G6,N3,1
1875,北,北,きた,north,G2,N5,1
1876,木,木/木曜日,き/もくようび,tree/thursday,G1,N5,1
1880,僕,僕,ぼく,I (male/casual),S,N1,1
1886,本,本,ほん,book,G1,N5,1
1895,毎,毎,まい,every,G2,N5,1
1896,妹,妹,いもうと,little sister,G2,N4,1
1904,末,週末,しゅうまつ,weekend,G4,N3,1
1906,万,万,まん,ten thousand,G2,N5,1
1911,味,味,あじ,flavor,G3,N4,1
1918,民,国民,こくみん,nation/people of a country,G4,N3,1
1922,無,無,む,not,G4,N1,1
1923,夢,夢,ゆめ,dream,G5,N3,1
1925,娘,娘,むすめ,daughter,S,N3,1
1926,名,名前,なまえ,name ,G1,N5,1
1927,命,運命,うんめい,fate,G3,N3,1
1936,面,面倒臭い/面白い,めんどくさい/おもしろい,annoying/interesting,G3,N3,1
1941,毛,毛,け,hair,G2,N2,1
1947,目,目,め,eye,G1,N4,1
1949,門,門,もん,gate,G2,N2,1
1951,問,問　（一年間）,かん　（いちねんかん）,period of time (for a year),G3,N4,1
1953,夜,夜,よる,night,G2,N4,1
1954,野,野,の,field,G2,N4,1
1959,訳,言い訳,いいわけ,excuse,G6,N1,1
1960,薬,薬,くすり,medicine,G3,N3,1
1964,油,油/醤油,あぶら/しょうゆ,oil/soy sauce,G3,N2,1
1971,友,友,とも,friend,G2,N5,1
1972,有,有名,ゆうめい,famous,G3,N4,1
1980,遊,遊ぶ,あそぶ,play,G3,N3,1
1987,予,予約/予定,よやく/よてい,reservation/plan,G3,N3,1
1995,洋,洋服,ようふく,western clothing,G3,N4,1
2001,葉,葉,は,leaves,G3,N3,1
2005,様,様,さま,important person,G3,N3,1
2012,曜,曜　（日曜日）,よう　（にちようび）,day of the week (sunday) ,G2,N4,1
2016,欲,欲しい,ほしい,want,G6,N3,1
2022,来,来る,くる,to come,G2,N5,1
2030,卵,卵,たまご,egg,G6,N2,1
2036,利,便利,べんり,convenient,G4,N3,1
2038,理,理由,りゆ,reason,G2,N4,1
2045,立,立つ,たつ,to stand,G1,N4,1
2051,留,留守,るす,absent,G5,N3,1
2057,旅,旅行,りょこう,travel,G3,N4,1
2061,両,両方,りょうほう,both,G3,N3,1
2062,良,良かった,よかった,thats good to hear!,G4,N3,1
2074,力,力,ちから,power,G1,N4,1
2075,緑,緑,みどり,green,G3,N2,1
2076,林,林,はやし,woods,G1,N2,1
2089,冷,冷,つめたい,cold,G4,N3,1
2092,例,例えば,たとえば,example,G4,N3,1
2100,歴,歴史,れきし,history,G4,N2,1
2105,恋,恋,こい,love (romantic),S,N2,1
2110,呂,お風呂,おふろ,bath,S,N1,1
2125,六,六/六つ,ろく/むっつ,six,G1,N5,1
2129,和,和,わ,Japanese,G3,N3,1
2130,話,話す,はなす,to speak,G2,N5,1
3,挨,挨拶,あいさつ,greeting,S,N1,2
11,嵐,嵐,あらし,storm,S,N1,2
14,暗,暗い,くらい,dark,G3,N3,2
16,衣,浴衣,ゆかた,yukata,G4,N2,2
17,位,どの位,どのくらい,"how much, how many, for how long?",G4,N3,2
18,囲,雰囲気,ふんいき,atmosphere,G4,N2,2
19,医,医者,いしゃ,doctor,G3,N4,2
23,為,の為に ,のために ,for,S,N1,2
31,椅,椅子,いす,chair,S,N1,2
34,違,違う,ちがう,wrong,S,N3,2
40,育,育てる,そだてる,to grow up,G3,N3,2
45,芋,ジャガ芋,ジャガいも,potato,S,N1,2
54,陰,陰,かげ,shadow (figurative),S,N1,2
59,宇,宇宙,うちゅう,outerspace,G6,N2,2
66,運,運転/運動/運命,うんてん/うんどう/うんめい,drive/exercise/fate,G3,N4,2
67,雲,雲,くも,cloud,G2,N2,2
68,永,永遠,えいえん,eternity (poetic forever),G5,N2,2
70,英,英会話,えいかいわ,english conversation school,G4,N4,2
75,影,影,かげ,shadow,S,N1,2
78,易,易しい	,やさしい,nice,G5,N3,2
84,越,引っ越す,ひっこす,to move,S,N3,2
97,猿,猿,さる,monkey,S,N1,2
98,遠,遠い,とおい,far,G2,N3,2
99,鉛,鉛筆,えんぴつ,pencil,S,N1,2
100,塩,塩,しお,salt,G4,N2,2
101,演,演歌,えんか,Enka,G5,N3,2
110,押,押す,おす,to push,S,N3,2
121,憶,記憶,きおく,memory,S,N1,2
125,俺,俺,おれ,"""I""(tough/masculine)",S,N1,2
134,加,参加,さんか,to participate,G4,N3,2
135,可,可愛い,かわいい,cute,G5,N1,2
136,仮,仮名/仮,カナ/かり,temporary,G5,N1,2
141,果,果物,くだもの,fruit,G4,N3,2
142,河,河,かわ,river,G5,N2,2
143,苛,苛める,いじめる,to bully,S,N1,2
144,科,科学,かがく,science,G2,N3,2
148,荷,荷物,にもつ,luggage,G3,N2,2
150,菓,お菓子,おかし,sweets (pastries),S,N2,2
155,暇,暇,ひま,free time,S,N1,2
157,靴,靴,くつ,shoe,S,N3,2
162,課,課長,かちょう,section chief ,G4,N2,2
163,蚊,蚊,か,mosquito,S,N1,2
172,介,自己紹介,じこしょうかい,introduction,S,N2,2
174,灰,灰/灰色,はい/はいいろ,ash/gray,G6,N2,2
183,界,世界,せかい,world,G3,N4,2
189,塊,塊,かたまり,"clump, cluster",S,N1,2
191,解,正解,せいかい,correct answer!,G5,N3,2
193,壊,壊れる,こわれる,to break,S,N1,2
194,懐,懐かしい,なつかしい,nostalgia,S,N1,2
202,街,商店街,しょうてんがい,shopping district,G4,N1,2
213,革,革命,かくめい,revolution ,G6,N2,2
214,格,性格,せいかく,personality,G5,N3,2
218,覚,覚える,おぼえる,remember/memorize,G4,N3,2
233,括,括弧,かっこ,parenthesis,S,N1,2
236,渇,のどが渇いてる,のど が かわいてる!,"""I'm thirsty""",S,N1,2
247,干,梅干,うめぼし,pickled plums,G6,N2,2
250,汗,汗,あせ,sweat,S,N2,2
252,完,完璧,かんぺき,perfect,G4,N3,2
256,巻,春巻き,はるまき,spring rolls,G6,N2,2
257,看,看護師,かんごし,nurse,G6,N1,2
259,乾,乾杯,かんぱい！,cheers!,S,N2,2
272,勧,お勧め,すすめる,to recommend,S,N1,2
274,幹,新幹線,しんかんせん,shinkansen,G5,N1,2
287,簡,簡単な,かんたんな,simple,G6,N2,2
295,岩,岩,いわ,boulder,G2,N2,2
296,玩,玩具,おもちゃ,toys,S,N1,2
298,頑,頑張る!,がんばる,good luck/try your best,S,N1,2
306,岐,岐阜県,ぎふけん,Gifu Prefecture,S,N1,2
311,祈,祈る,いのる,pray,S,N2,2
315,既,既に,すでに,as mentioned before/already,S,N1,2
319,鬼,鬼,おに,demon,S,N1,2
324,亀,亀,かめ,turtle,S,N1,2
325,喜,喜び,よろこび,happiness,G4,N3,2
326,幾,幾ら,いくら?,how much?,S,N3,2
329,棋,将棋 ,しょぎ,shogi,S,N1,2
334,器,大器晩成,たいきばんせい,great talents mature late,G4,N1,2
336,輝,輝く,かがやく,shining/sparkling,S,N1,2
337,機,飛行機,ひこうき,airplane,G4,N3,2
339,技,特技,とくぎ,specialty/skill,G5,N2,2
340,宜,宜しく,よろしく,"""Please treat me favorably"" ",S,N1,2
347,擬,擬音語,ぎおんご,onomatopoeia,S,N1,2
349,議,会議,かいぎ,(work) meeting,G4,N3,2
351,吉,吉,きち,good luck,S,N1,2
352,喫,喫茶店,きっさてん,coffee shop/cafe,S,N2,2
357,逆,逆ｘｘｘ,ぎゃくｘｘｘ,opposite of xxx,G5,N2,2
358,虐,虐める,いじめる,"torment, bully",S,N1,2
363,丘,丘,おか,hill,S,N1,2
366,吸,吸う,すう,to smoke (tabaco) or suck,G6,N3,2
375,宮,宮崎県,みやざきけん,Miyazaki Prefecture,G3,N1,2
376,救,救急車,きゅうきゅうしゃ,ambulance,G4,N1,2
382,去,去年,きょねん,last year,G3,N4,2
383,巨,巨人 (進撃の巨人),きょじん（しんげきのきょうじん ,Titan (Attack on Titan),S,N2,2
384,居,居る,いる,to be/exist,G5,N3,2
405,狭,狭い,せまい,narrow,S,N1,2
408,胸,胸,むね,chest,G6,N2,2
412,郷,故郷,ふるさと,hometown,G6,N1,2
416,鏡,鏡,かがみ,mirror,G4,N1,2
417,競,競争,きょうそう,competition,G4,N2,2
419,驚,驚いた！,おどろいた！,suprised,S,N1,2
425,局,郵便局/結局,ゆうびんきょく/けっきょく,post office/afterall-In the end,G3,N3,2
433,菌,ばい菌,ばいきん,germ,S,N1,2
435,琴,琴,こと,japanese harp,S,N1,2
436,筋,筋肉,きんにく,muscle,G6,N1,2
438,禁,禁止,きんし,forbidden by law,G5,N2,2
439,緊,緊張,きんちょう,nervous/stressed,S,N1,2
447,苦,苦い/苦しい,にがい/くるしい,bitter/suffering,G3,N3,2
449,具,道具,どうぐ,tool,G3,N3,2
456,串,串カツ,くしカツ,kushikatsu (japanese skewers),S,N1,2
460,熊,熊 (熊本県),くま （くまもとけん）,bear (Kumamoto Prefecture),S,N1,2
461,繰,繰り返し,くりかえし,repeat after me,S,N1,2
463,訓,訓読み,くんよみ,kunyomi reading,G4,N2,2
472,系,日系,にっけい,Japanese descent,G6,N1,2
477,契,喫茶店,きっさてん,coffee Shop/cafe,S,N1,2
483,経,経験,けいけん,experience,G5,N3,2
484,蛍,蛍,ほたる,firefly,S,N1,2
487,軽,軽い,かるい,light,G3,N2,2
489,携,携帯,けいたい,cellphone,S,N1,2
495,憩,休憩,きゅうけい,break time,S,N1,2
496,警,警察,けいさつ,police,G6,N3,2
497,鶏,鶏,にわとり,chicken,S,N1,2
498,芸,芸者,げいしゃ,geisha,G4,N2,2
500,鯨,鯨,くじら,whale,S,N1,2
502,劇,劇場,げきじょう,theater,G6,N2,2
506,欠,欠片,かけら,fragment,G4,N3,2
507,穴,穴,あな,hole,G6,N1,2
510,結,結婚する,けっこんする,to marry,G4,N1,2
518,肩,肩,かた,shoulder,S,N2,2
519,建,建物,たてもの,building,G4,N4,2
524,剣,剣道,けんどう,kendo,S,N1,2
525,拳,拳/じゃん拳ぽん,けん/ジャンケンポン,fist/jyan-ken-pon!,S,N1,2
527,健,健康,けんこう,health,G4,N1,2
528,険,危険,きけん,dangerous,G5,N3,2
530,堅,堅い,かたい,hard (figuratively),S,N1,2
537,憲,憲法,けんぽう,constitution,G6,N1,2
540,鍵,鍵,かぎ,key,S,N1,2
543,験,試験,しけん,test,G4,N4,2
544,懸,一生懸命,いっしょうけんめい,"with all one's might, with utmost effort",S,N1,2
547,玄,玄関,げんかん,entryway,S,N1,2
552,現,現実,げんじつ,reality,G5,N3,2
556,厳,厳しい,きびしい,strict!,G6,N1,2
557,己,自己紹介,じこしょうかい,self introduction,G6,N1,2
560,呼,呼ぶ,よぶ,to call someone,G6,N3,2
561,固,固い,かたい,hard,G4,N2,2
563,虎,虎,とら,tiger,S,N1,2
566,故,事故,じこ,accident,G5,N1,2
569,庫,冷蔵庫,れいぞうこ,refridgerator,G3,N2,2
570,湖,湖,みずうみ,lake,G3,N2,2
573,鼓,太鼓,たいこ,taiko drum,S,N1,2
577,互,交互に,こうごに,alternately,S,N3,2
579,呉,呉れる,くれる,to give,S,N1,2
583,碁,碁,ご,go (the game),S,N1,2
586,護,看護師,かんごし,nurse,G5,N1,2
596,交,交差点,こうさてん,Intersection,G2,N3,2
598,向,向こう,むこう,opposite side/other side,G3,N3,2
601,江,江戸,えど,Edo period,S,N1,2
607,攻,専攻,せんこう,major,S,N1,2
614,厚,厚い,あつい,thick,G5,N2,2
617,皇,天皇,てんのう,emperor,G6,N1,2
621,香,香り,かおり,fragrant,S,N2,2
627,降,降る, ふる,rain falls,G6,N3,2
629,康,健康,けんこう,health,G4,N1,2
632,黄,黄色,きいろ,yellow,G2,N2,2
633,喉,喉,のど,throat,S,N1,2
636,硬,硬い,かたい,physically hard,S,N2,2
641,構,結構,けっこう,no thanks,G5,N3,2
652,合,場合,ばあい,in the case of,G2,N3,2
664,酷,酷い,ひどい,horrible/terrible/cruel,S,N1,2
665,獄,地獄,じごく,hell,S,N1,2
669,頃,頃,ごろ,around that time,S,N1,2
673,恨,恨み,うらみ,a grudge,S,N1,2
674,根,屋根,やね,roof,G3,N2,2
675,婚,結婚,けっこん,Marriage,S,N3,2
676,混,混でる,こんでる,to be crowded,G5,N2,2
679,魂,魂,だましい,"soul, spirit",S,N1,2
683,佐,佐賀県,さがけん,Saga prefecture,S,N1,2
688,差,交差点,こうさてん,intersection,G4,N3,2
694,再,再来週,さらいしゅう,week after next,G5,N2,2
696,妻,妻,つま,wife,G5,N3,2
700,栽,盆栽,ぼんさい,bonsai plant,S,N1,2
706,細,細い,ほそい,thin,G2,N2,2
707,菜,野菜,やさい,vegetables,G4,N2,2
716,埼,埼玉県,さいたまけん,Saitama Prefecture,S,N1,2
720,財,財布,さいふ,wallet,G5,N3,2
728,策,政策,せいさく,a policy,G6,N1,2
738,殺,殺す,ころす,to kill,G4,N3,2
739,察,警察,けいさつ,police,G4,N3,2
742,雑,雑誌,ざっし,magazine,G5,N3,2
746,参,参る,まいる,to go/to come - polite (train arriving etc),G4,N3,2
750,産,お土産,おみやげ,souvenir,G4,N3,2
752,散,散歩,さんぽ,a stroll/to go for a walk,G4,N3,2
754,酸,酸っぱい,すっぱい,sour,G5,N1,2
756,残,残念,ざんねん,"""thats too bad""",G4,N3,2
758,暫,暫く,しばらく,for a moment/in a moment,S,N1,2
759,士,武士,ぶし,samurai,G4,N1,2
761,支,支払い,しはらい,to pay,G5,N3,2
763,氏,彼氏 /氏 (藤原氏),かれし/うじ （ふじわらうじ）,boyfriend/clan (fujiwara clan),G4,N1,2
770,旨,旨い,うまい,delicious,S,N1,2
778,刺,名刺,めいし,business card,S,N2,2
781,枝,枝/枝豆,えだ/えだまめ,branch/edamame,G5,N2,2
786,指,指,ゆび,finger,G3,N3,2
790,紙,紙,かみ,paper,G2,N4,2
791,脂,脂,あぶら,fat,S,N2,2
793,紫,紫,むらさき,purple,S,N1,2
801,誌,雑誌,ざっし,magazine,G6,N2,2
812,似,物真似,ものまね,impersonation,G5,N3,2
815,侍,侍,さむらい,,S,N1,2
816,治,政治,せいじ,politics,G4,N3,2
821,辞,辞める,やめる,to stop,G4,N3,2
825,鹿,鹿　（鹿児島県）,しか　（かごしまけん）,deer (Kagoshima Prefecture),S,N1,2
831,失,失礼,しつれい,rude,G4,N3,2
844,舎,田舎,いなか,countryside,G5,N1,2
846,射,注射,ちゅうしゃ,needle/injection,G6,N1,2
847,捨,捨てる,すてる,to throw away,G6,N2,2
852,謝,謝る,あやまる,apologize,G5,N1,2
853,邪,風邪,かぜ,cold/flu,S,N1,2
854,蛇,蛇,へび,snake,S,N1,2
856,借,借りる,かりる,to borrow,G4,N4,2
862,寂,寂しい,さびしい,lonely,S,N1,2
865,守,守る,まもる,protect,G3,N3,2
874,種,種,たね,seed,G4,N3,2
875,趣,趣味,しゅうみ,hobby,S,N1,2
876,寿,寿司,すし,sushi!,S,N1,2
879,授,授業,じゅぎょう,lesson/class,G5,N1,2
885,州,九州 ,しゅう,state,G3,N2,2
888,周,周り,まわり,all around (360 degrees),G4,N2,2
893,修,研修生,けんしゅうせい,trainee,G5,N1,2
899,就,就職,しゅうしょく,find a job,G6,N1,2
904,醜,醜い,みにくい,ugly,S,N1,2
908,汁,味噌汁,みそしる,miso soup,S,N1,2
911,柔,柔道,じゅうどう,judo,S,N2,2
914,渋,渋谷,しぶや,Shibuya,S,N1,2
916,獣,怪獣,かいじゅう,godzilla monsters,S,N1,2
918,叔,叔母/叔父 ,おば/おじ,aunt/uncle but younger than parents,S,N1,2
924,塾,塾,じゅく,cram school,S,N1,2
925,熟,熟語,じゅくご,compound word,G6,N1,2
928,術,美術館,びじゅつかん,arts museum,G5,N3,2
940,準,準備する,じゅんびする,to get ready,G5,N2,2
949,署,警察署,けいさつしょ,police station,G6,N2,2
953,如,如やって,どうやって,how?,S,N1,2
954,助,助けて,たすけて,Help!!!!,G3,N3,2
957,徐,徐々(徐々お待ちください),じょじょ (しょしょおまちください）,"little by little/gradually (""please wait a moment"" said by waiters)",S,N1,2
958,除,掃除,そうじ,house cleaning,G6,N3,2
962,召,召し上がる,めしあがる,eat (formal),S,N2,2
968,招,招き猫,まねきねこ,Maneki Neko,G5,N3,2
973,昭,昭和,しょうわ,Showa era,G3,N1,2
975,将,"将棋/将軍/将来

","しょうぎ/しょうぐん/しょうらい
",shogi/shogun/future ,G6,N2,2
984,章,文章,ぶんしょう,sentence,G3,N2,2
985,紹,自己紹介,じこしょうかい,self introduction,S,N2,2
987,勝,勝つ,かつ,to win,G3,N3,2
992,硝,硝子,ガラス,glass,S,N1,2
996,象,象,ぞう,elephant,G4,N2,2
1003,憧,憧れる,あこがれる,to yearn for (your heart yearns for),S,N1,2
1012,条,条件,じょうけん,condition,G5,N1,2
1021,畳,畳,たたみ,tatami,S,N2,2
1022,蒸,蒸し暑い,むしあつい,humid,G6,N2,2
1023,縄,沖縄,おきなわ,Okinawa ,S,N1,2
1035,触,触る,さわる,touch,S,N2,2
1040,尻,お尻,おしり,butt,S,N1,2
1042,申,申し申し/申す,もうしもうし/もうす,moshi moshi/Jessica to moshimasu,G3,N3,2
1050,津,津波,つなみ,tsunami,S,N1,2
1051,神,神,かみ,god,G3,N3,2
1052,唇,唇,くちびる,lips,S,N1,2
1060,進,進め!,すすめ!,To move forward (AKB48 RIVER),G3,N3,2
1063,寝,寝る,ねる,to sleep,S,N3,2
1067,震,地震,じしん,earthquake,S,N2,2
1077,尋,尋ねる,たずねる,to ask (formal),S,N1,2
1082,吹,吹く,ふく,blow,S,N3,2
1103,是,是非,ぜひ,absolutely,S,N1,2
1104,井,井戸 （福井県）,いど（ふくいけん）,a well (Fukui Prefecture),S,N1,2
1108,成,成る,なる,to become,G4,N3,2
1111,制,制服,せいふく,uniform,G5,N3,2
1112,姓,姓名,せいめい,full name,S,N2,2
1117,政,政治,せいじ,politics,G5,N3,2
1121,凄,凄い,すごい,wow!,S,N1,2
1122,逝,逝け面,いけめん,ugly man (pun of イケ面),S,N1,2
1124,盛,盛り上がる,もりあがる,to have the energy go up,G6,N1,2
1126,晴,晴れる,はれる,clear weather,G2,N3,2
1152,績,成績,せいせき,rank/score/grade/results,G5,N2,2
1153,籍,戸籍,こせき,family register,S,N2,2
1155,折,折る (折り紙),おる (おりがみ),to fold (paper),G4,N3,2
1162,節,季節,きせつ,season,G4,N1,2
1165,絶,絶対,ぜったい,"absolutely, without fail",G5,N3,2
1168,仙,仙台市,せんだいし,Sendai city,S,N1,2
1172,専,専攻,せんこう,major,G6,N2,2
1173,泉,温泉,おんせん,hot spring ,G6,N2,2
1177,扇,扇子,せんす,a traditional fan,S,N1,2
1180,船,船/風船,ふね/ふうせん,Ship/Balloon,G2,N3,2
1181,戦,戦争,せんそう,war,G4,N3,2
1183,羨,羨ましい,"うらやましい,",jealousy/envy,S,N1,2
1200,禅,禅,ぜん,zen (buddhism)​,S,N1,2
1208,素,素晴らしい,すばらしい,"wow, amazing, that was the best!",G5,N1,2
1217,双,双子,ふたご,twins,S,N2,2
1220,争,戦争,せんそう,war,G4,N3,2
1221,走,走る,はしる,run,G2,N4,2
1223,相,相手,あいて,partner,G3,N3,2
1228,捜,捜す,さがす,to search,S,N2,2
1232,掃,掃除,そうじ,house-cleaning,S,N2,2
1233,曹,曹洞禅,そうとうぜん,soto zen buddhism,S,N1,2
1236,窓,窓,まど,window,G6,N3,2
1243,想,感想,かんそう,Impression ,G3,N3,2
1249,操,体操,たいそう,exercises,G6,N1,2
1252,騒,騒ぐ,さわぐ,make noise,S,N1,2
1256,増,増える,ふえる,to increase,G5,N3,2
1258,蔵,冷蔵庫,れいぞうこ,refridgerator ,G6,N2,2
1260,臓,心臓,しんぞう,heart (organ),G6,N2,2
1262,束,約束,やくそく,promise,G4,N3,2
1266,息,息子,むすこ,son,G3,N3,2
1268,速,速い,はやい,fast,G3,N3,2
1269,側,左側/右側,ひだりがわ/みぎがわ,left side right side,G4,N3,2
1275,続,続く,つづく,to continue,G4,N3,2
1279,村,村,むら,village,G1,N2,2
1284,他,他,ほか,other,G3,N3,2
1287,打,打つ ,うつ,hit,G3,N3,2
1294,対,絶対,ぜったい,definitely/absolutely,G3,N3,2
1301,帯,帯,おび,belt,G4,N2,2
1304,袋,袋,ふくろ,bag,S,N2,2
1310,態,変態,へんたい,pervert,G5,N1,2
1315,第,第一,だいいち,first (chapter etc),G3,N1,2
1320,沢,沢山,たくさん,many,S,N1,2
1324,濯,洗濯する,せんたくする,laundry,S,N2,2
1328,達,友達,ともだち,friend,G4,N3,2
1329,脱,脱ぐ,ぬぐ,take off clothes,S,N1,2
1332,誰,誰,だれ,who?,S,N1,2
1336,単,簡単,かんたん,simple,G4,N3,2
1339,探,探す,さがす,to search,G6,N3,2
1347,団,お団子,おだんご,dango,G5,N2,2
1349,段,階段,かいだん,stairway,G6,N3,2
1352,暖,暖かい,あたたかい,warm,G6,N1,2
1353,談,冗談,じょうだん,joke,G3,N3,2
1358,値,値段,ねだん,price,G6,N3,2
1359,恥,恥ずかしい,はずかしい,embarrased,S,N3,2
1360,致,致す,いたす,polite (to do),S,N1,2
1361,遅,遅い,おそい,slow,S,N3,2
1362,痴,痴漢,ちかん,perverts (who grope women on the trains/in public),S,N1,2
1363,稚,幼稚園,ようちえん,kindergarten,S,N1,2
1366,竹,竹,たけ,bamboo,G1,N2,2
1377,仲,仲間,なかま,friend/family/tribe,G4,N2,2
1379,沖,沖縄,おきなわ,Okinawa,S,N1,2
1380,宙,宇宙,うちゅう,space,G6,N1,2
1383,注,注意,ちゅうい,careful,G3,N4,2
1387,酎,焼酎,しょうちゅう,shochu ,S,N1,2
1389,駐,駐車場,ちゅうしゃじょう,parking lot,S,N2,2
1392,丁,丁寧,ていねい,polite,G3,N1,2
1400,張,頑張る,がんばる,good luck! try your best!,G5,N1,2
1404,頂,頂きます,いただきます,"""Itadakimasu"" (said before eating)",G6,N3,2
1408,超,超,ちょう!,very (casual),S,N2,2
1418,直,直す,なおす,to fix,G2,N3,2
1422,珍,珍しい,めずらしい,rare,S,N2,2
1428,椎,椎茸,しいたけ,shiitake mushroom,S,N1,2
1430,通,普通,ふつう,Normal,G2,N4,2
1431,痛,痛い,いたい,"""OUCH!"" ""It hurts!""",G6,N3,2
1440,弟,弟,おとうと,little brother,G2,N4,2
1443,抵,大抵,たいてい,usually/in most cases,S,N1,2
1451,停,バス停,ばすてい,bus stop,G4,N2,2
1452,偵,探偵,たんてい,private detective,S,N1,2
1455,程,成程!,なるほど!,Oh I see!,G5,N3,2
1458,諦,諦める,あきらめる,to give up,S,N1,2
1459,泥,泥棒,どろぼう,robber,S,N2,2
1465,敵,素敵,すてき,wonderful!,G5,N1,2
1468,哲,哲学,てつがく,philosophy,S,N1,2
1469,鉄,地下鉄,ちかてつ,subway,G3,N2,2
1481,伝,手伝う,てつだう,help,G4,N3,2
1488,途,途中,とちゅう,on the way,S,N3,2
1494,奴,奴,やつ,"""hey you!"" for tough guys",S,N1,2
1495,努,努力,どりょく,really grueling effort,G4,N3,2
1507,倒,倒れる,たおれる,to be knocked down or fall over,S,N3,2
1521,湯,湯,ゆ,hot or boiling water,G3,N2,2
1523,登,登ぼる,のぼる,to climb,G3,N3,2
1527,統,大統領,だいとうりょう,president (of a country),G5,N1,2
1530,糖,砂糖,さとう,sugar,G6,N1,2
1533,藤,藤原氏,ふじわら,Fujiwara clan,S,N1,2
1539,動,動く,うごく,move,G3,N4,2
1540,堂,食堂,しょくどう,cafeteria,G4,N4,2
1543,働,働く,はたらく,work,G4,N3,2
1546,瞳,瞳,ひとみ,pupils,S,N1,2
1550,得,得意,とくい,skill,G4,N3,2
1555,独,独身,どくしん,single,G5,N1,2
1557,栃,栃木県,とちぎけん,Tochigi Prefecture,S,N1,2
1559,突,突然,とつぜん,suddenly,S,N3,2
1566,曇,曇り,くもり,cloudy,S,N2,2
1569,奈,奈良県,ならけん,Nara Prefecture,S,N1,2
1573,鍋,鍋,なべ,nabe,S,N1,2
1575,軟,軟かい,やわらかい,soft,S,N2,2
1576,難,難しい,むずかしい,difficult,G6,N3,2
1582,虹,虹,にじ,rainbow,S,N1,2
1589,忍,忍者,にんじゃ,ninja,S,N1,2
1591,寧,丁寧,ていねい,politeness,S,N1,2
1594,念,残念,ざんねん,too bad,G4,N3,2
1597,燃,燃える,もえる,burns,G5,N2,2
1600,能,能,のう,Noh theatre,G5,N3,2
1603,濃,濃い,こい,strong coffee or dense fog,S,N2,2
1605,波,波,なみ,wave,G3,N2,2
1610,婆,婆,ばば,old woman,S,N1,2
1613,杯,乾杯,かんぱい！,cheers!,S,N3,2
1616,俳,俳句,はいく,haiku,G6,N1,2
1621,輩,先輩/後輩,せんぱい/こうはい,senpai/kohai,S,N1,2
1623,倍,倍,ばい,times (2 times/double 3 times/triple),G3,N2,2
1631,伯,伯母さん,おばさん,aunt/uncle (older than parents),S,N1,2
1632,拍,拍手,はくしゅ,to clap your hands,S,N1,2
1633,泊,泊まる,とまる,stay somewhere overnight,S,N2,2
1638,薄,薄い,うすい,thin or weak flavor,S,N2,2
1639,麦,麦,むぎ,wheat,G2,N2,2
1644,箸,箸,はし,chopsticks,S,N1,2
1646,肌,肌,はだ,skin (human),S,N2,2
1650,髪,髪,かみ,hair,S,N3,2
1653,罰,罰ゲーム,ばつげーむ,punishment game!,S,N1,2
1654,閥,財閥,ざいばつ,zaibatsu (big buisiness),S,N1,2
1655,反,反対,はんたい,opposite,G3,N3,2
1662,判,判子,はんこ,seal,G5,N3,2
1663,坂,坂/坂道,さか/さかみち,hill/hilly road,G3,N2,2
1664,阪,大阪府,おおさかふ,Osaka Prefecture,S,N1,2
1674,煩,煩い,うるさい,"loud (also ""be quiet!"")",S,N1,2
1690,肥,肥満,ひまん,obesity,G5,N1,2
1691,非,是非,ぜひ,absolutely!,G5,N3,2
1693,飛,飛ぶ,とぶ,to fly,G4,N3,2
1694,疲,疲れた,つかれた,tired,S,N3,2
1695,秘,秘密,ひみつ,secret,G6,N1,2
1696,被,被る,かぶる,to wear on head (like a hat),S,N2,2
1703,尾,尻尾,しっぽ,tail,S,N1,2
1704,眉,眉毛,まゆげ,eyebrows,S,N1,2
1706,備,準備,じゅんび,to be ready!,G5,N3,2
1709,膝,膝,ひざ,knees,S,N1,2
1711,匹,ｘｘｘ匹,ｘｘｘひき/びき,small animal ,S,N2,2
1714,筆,筆,ふで,brush,G3,N2,2
1715,姫,姫,ひめ,princess,S,N1,2
1718,表,表,おもて,front surface/2D/front and back,G3,N3,2
1725,秒,秒,びょう,second,G3,N2,2
1727,描,描く,えがく,to depict; to describe,S,N1,2
1731,貧,貧乏,びんぼう,poor ,G5,N3,2
1737,夫,夫,おっと,husband (formal),G4,N3,2
1739,付,気を付けて/見付ける,きをつけて/みつける,be careful!/to find,G4,N3,2
1740,布,布団,ふとん,futon,G5,N2,2
1742,府,政府,せいふ,government,G4,N2,2
1743,怖,怖い,こわい,scary,S,N3,2
1747,負,負ける,まける,to lose (a game) ,G3,N3,2
1749,浮,浮く,うく,float,S,N3,2
1750,婦,夫婦,ふうふ,married couple,G5,N3,2
1751,符,切符,きっぷ,ticket,S,N2,2
1752,富,富士山,ふじさん,Mt. Fuji,G5,N3,2
1753,普,普通,ふつう,normal,S,N2,2
1754,腐,豆腐,とうふ,tofu,S,N1,2
1756,膚,皮膚,ひふ,skin (medical term),S,N2,2
1760,武,武士,ぶし,samurai,G5,N2,2
1761,部,全部,ぜんぶ,all,G3,N3,2
1762,舞,お見舞い/歌舞伎,おみまい/かぶき,to visit someone at the hospital/kabuki,S,N3,2
1771,腹,腹,は・おなか,stomach/abdomen,G6,N3,2
1772,複,複雑,ふくざつ,complicated,G5,N2,2
1774,払,払う,はらう,pay,S,N3,2
1776,仏,大仏,だいぶつ,giant buddha statue,G5,N2,2
1789,平,平和,へいわ,peace,G3,N3,2
1792,並,並木,なまき,row of trees,G6,N2,2
1800,餅,餅,もち,mochi,S,N1,2
1802,壁,壁,かべ,wall,S,N1,2
1807,片,欠片,かけら,fragment,G6,N2,2
1808,辺,この  辺 に ,( この ) へん ( に ),around here...,G4,N2,2
1809,返,返す,かえす,to return,G3,N3,2
1818,保,保険,ほけん,health insurance,G5,N1,2
1825,墓,墓,はか,grave,G5,N1,2
1834,宝,宝物,たからもの,treasure,G6,N2,2
1835,抱,抱きしめる ,だきしめる ,to hold in arms/to hug,S,N3,2
1847,蜂,蜂,ハチ,bee,S,N1,2
1850,褒,褒める,ほめる,praise,S,N1,2
1853,乏,貧乏な,びんぼうな,poor,S,N1,2
1855,坊,お坊さん/赤ん坊,お ぼう さん/あかんぼう,monk/baby,S,N1,2
1867,帽,帽子,ぼうし,hat,S,N2,2
1868,棒,泥棒,どろぼう,robber,G6,N2,2
1882,撲,相撲,すもう,sumo,S,N1,2
1890,盆,盆栽,ぼんさい,bonsai,S,N1,2
1891,麻,麻雀,マージャン,majong,S,N1,2
1893,磨,歯を磨く,はをみがく,to brush teeth,S,N2,2
1894,魔,悪魔/魔法/魔女,あくま/まほう/まじょ,devil/witchcraft/witch,S,N1,2
1897,枚,ｘｘｘ枚,ｘｘｘまい,counter for flat things,G6,N2,2
1900,幕,幕府,ばくふ,bakufu (shogun government),G6,N1,2
1903,又,又,また,again,S,N1,2
1907,満,肥満,ひまん,obesity,G4,N3,2
1909,漫,漫画,まんが,manga,S,N1,2
1910,未,未来,みらい,future,G4,N3,2
1914,密,秘密,ひみつ,secret,G6,N1,2
1915,蜜,蜂蜜,はちみつ,honey,S,N1,2
1919,眠,眠い,ねむい,sleepy,S,N3,2
1921,務,事務所,じむしょ,Office,G5,N3,2
1928,明,明るい,あかるい,bright,G2,N4,2
1929,迷,道に迷う,みちにまよう,to get lost,G5,N3,2
1935,免,御免なさい,ごめんなさい,sorry,S,N1,2
1937,綿,木綿,もめん,cotton,G5,N2,2
1948,黙,黙る,だまる,shut up,S,N1,2
1958,約,約束,やくそく,Promise,G4,N3,2
1963,由,自由,じゆう,freedom ,G3,N3,2
1973,勇,勇気,ゆうき,bravery/courage,G4,N2,2
1976,郵,郵便局,ゆうびんきょく,post office,G6,N2,2
1985,優,優しい,やさしい,kind,G6,N3,2
1991,幼,幼稚園,ようちえん,kindergarten,G6,N2,2
1992,用,用事,ようじ,things to do,G2,N4,2
1993,羊,羊,ひつじ,sheep,G3,N1,2
1996,要,必要,ひつよう,need,G4,N3,2
2002,陽,太陽,たいよう,the sun,G3,N3,2
2007,踊,踊る,おどる,dance,S,N2,2
2015,浴,浴びる,あびる,take a shower/bath,G4,N2,2
2018,翼,翼,つばさ,wing,S,N1,2
2019,拉,拉麺,ラーメン,chinese way to spell ramen,S,N1,2
2020,裸,裸,はだか,naked,S,N1,2
2023,雷,雷,かみなり,lightening,S,N1,2
2026,落,落ちる,おちる,fall,G3,N3,2
2031,覧,御覧下さい,ごらんください,please watch (formal),G6,N1,2
2037,里,里,さと,village,G2,N1,2
2039,痢,下痢,げり,diarrhea,S,N1,2
2041,履,履く,はく,put on pants,S,N1,2
2050,流,流れる,ながれる,to flow (like tears),G3,N3,2
2063,料,料理,りょうり,cooking,G4,N4,2
2064,涼,涼しい,すずしい,cool (weather),S,N2,2
2069,領,大統領,だいとうりょう,president,G5,N2,2
2079,輪,指輪,ゆびわ,ring (for your finger),G4,N2,2
2080,隣,隣,となり,neighbor,S,N1,2
2083,涙,涙,なみだ,tear,S,N2,2
2088,礼,失礼,しつれい,rude,G3,N3,2
2091,戻,戻る,もどる,to return,S,N3,2
2094,零,零,れい,zero,S,N2,2
2098,麗,綺麗な,きれい,pretty,S,N1,2
2108,練,練習,れんしゅう,practice,G3,N2,2
2114,露,露天風呂,ろてんぶろ,outdoor hotspring,S,N1,2
2120,浪,浪人,ろうにん,ronin - masterless samurai,S,N1,2
2135,湾,台湾,たいわん,Taiwan,S,N2,2
2136,腕,腕,うで,arm,S,N2,2
7,握,握手,あくしゅ,handshake,S,N1,3
22,威,威張る,いばる,boast,S,N1,3
25,胃,胃,い,stomach,G4,N2,3
27,異,異なる,ことなる,be different from,G6,N1,3
36,慰,慰める,なぐさめる,to comfort/console,S,N1,3
47,印,印鑑,いんかん,signature stamp ,G4,N2,3
56,隠,隠れる,かくれる,hide (oneself),S,N1,3
72,栄,栄養,えいよう,nutrition,G4,N2,3
76,鋭,鋭い,するどい,sharp (like a needle or a sword),S,N2,3
77,衛,衛星,えいせい,satellite,G5,N1,3
90,炎,炎,ほのお,fire (large fire/campfire),S,N1,3
94,援,応援,おうえん,cheer (at a game),S,N1,3
96,煙,煙い,けむい,smokey,S,N3,3
108,応,応援,おうえん,cheer (at a game!),G5,N1,3
112,欧,欧米,おうべい,The West (Europe & USA),S,N2,3
113,殴,殴る,なぐる,"punch, hit, slap",S,N1,3
118,岡,岡山県,おかやまけん,Okayama Prefecture,S,N1,3
130,穏,穏やか,おだやか,calm peaceful person,S,N1,3
149,華,華々しい,はなばなしい,flamboyant/flowery,S,N1,3
151,貨,貨物,かもつ,cargo,G4,N2,3
161,稼,稼ぐ,かせぐ,make money,S,N1,3
166,我,我慢,がまん,persevere,G6,N1,3
177,戒,戒める,いましめる,"tell off, caution",S,N1,3
179,怪,怪獣,かいじゅう,godzilla monsters,S,N1,3
181,悔,悔しい,くやしい,regret after you messed up ,S,N1,3
185,械,機械,きかい,machine,G4,N2,3
200,崖,崖,がけ,cliff,S,N1,3
209,柿,柿,かき,persimmon,S,N1,3
222,確,たしか,たしか,probably....,G5,N3,3
230,顎,顎,あご,chin/jaw,S,N1,3
231,掛,掛かる,かかる,take (length of time),S,N3,3
232,潟,新潟県,にいがたけん,Niigata Prefecture,S,N1,3
237,割,割合,わりあい,ratio,G6,N3,3
239,滑,滑る,すべる,slip,S,N1,3
244,釜,大釜,おおかま,cauldron,S,N1,3
253,肝,肝,きも,liver/courage,S,N1,3
266,換,交換,こうかん,exchange (language exchange),S,N2,3
267,敢,敢えて,あえて,dare,S,N1,3
277,慣,習慣,しゅうかん,custom,G5,N3,3
286,環,環境,かんきょう,environment,S,N1,3
288,観,観光客,かんこうきゃく,tourist,G4,N3,3
291,鑑,印鑑,いんかん,personal seal,S,N1,3
294,岸,海岸,かいがん,coast,G3,N2,3
297,眼,眼球,がんきゅう,eyeball (medical),G5,N1,3
301,企,企画,きかく,scheme,S,N1,3
310,奇,可笑しい,おかしい,"funny, strange",S,N1,3
313,紀,世紀,せいき,century,G4,N1,3
321,基,基づく,もとずく,be based on,G5,N1,3
341,偽,偽る,いつわる,"deceive, lie",S,N1,3
353,詰,詰める,つめる,stuff into/pack/fill,S,N2,3
361,及,及ぶ,およぶ,"reach, extend to",S,N1,3
364,旧,旧姓,きゅうせい,maiden name,G5,N2,3
369,求,求める,もとめる,to demand or request,G4,N3,3
378,給,無給,むきゅう,unpaid,G4,N3,3
386,拠,証拠,しょうこ,evidence,S,N1,3
387,挙,選挙,せんきょ,election,G4,N1,3
389,許,許して,ゆるして,forgive me,G5,N3,3
395,共,公共,こうきょう,public (like a public toilet),G4,N3,3
396,叫,叫ぶ,さけぶ,to exclaim!,S,N2,3
397,狂,狂う,くるう,"go mad, be out of order",S,N1,3
401,協,協力/協会,きょうりょく/きょうかい,cooperation/union,G4,N2,3
404,挟,挟む,はさむ,"catch, hold (between two things)",S,N2,3
406,恐,恐れる,おそれる,dread,S,N3,3
418,響,響き,ひびき,echo,S,N1,3
420,仰,仰ぐ,あおぐ,"gaze, look up, respect, fan oneself",S,N1,3
423,凝,凝らす,こらす,concentrate,S,N1,3
434,勤,勤める,つとめる,work for,G6,N3,3
453,偶,偶 に ,たま に ,ocassionally,S,N3,3
457,屈,退屈,たいくつ,boring,S,N1,3
458,掘,掘る,ほる,dig,S,N2,3
466,軍,軍隊,ぐんたい,army,G4,N2,3
467,郡,郡,ぐん,county,G4,N1,3
470,刑,刑務所,けいむしょ,jail/prison,S,N1,3
476,型,血液型,けつえきがた,blood type,G4,N2,3
479,恵,知恵,ちえ,wisdom,S,N1,3
482,渓,渓谷,けいこく,valley with river running through it,S,N1,3
485,敬,尊敬語,そんけいご,honorific language,G6,N2,3
486,景,景色,けしき,"scenery, scene, landscape",G4,N3,3
488,傾,傾く,かたむく,"lean towards, tilt",S,N2,3
499,迎,迎える,むかえる,to pick someone up (like at the airport),S,N3,3
515,件,事件,じょうけん,condition,G5,N3,3
533,献,献血,けんけつ,blood donation,S,N1,3
534,絹,絹らわしい,まぎらわしい,ambiguous,G6,N1,3
535,遣,気遣う,きずかう,"worry about, consider",S,N1,3
538,賢,賢い,かしこい,clever,S,N2,3
541,繭,繭,まゆ,cocoon,S,N1,3
550,限,に限らない/限る,にかぎらない/かぎる,not necessarily the case/to limit,G5,N3,3
554,減,減る,へる,decrease,G5,N2,3
565,弧,弧/琉球弧,こ/りゅうきゅうこ,arc/Ryukyu-arc,S,N1,3
568,個,一個,いっこ,one small thing,G5,N2,3
571,雇,雇用,こよう,employment,S,N2,3
591,孔,孔雀,くじゃく,peacock,S,N1,3
592,功,成功,せいこう,success!,G4,N1,3
595,甲,甲,こう,turtle shell,S,N1,3
608,更,更に,さら  に ,in addition,S,N3,3
616,洪,洪水,こうずい,flood,S,N1,3
619,荒,荒い,あらい,wild,S,N2,3
634,慌,慌てる,あわてる,"panic, be flustered, confused",S,N1,3
637,絞,絞る,しぼる,squeeze,S,N1,3
642,綱,綱引き,つなひき,tug of war,S,N1,3
647,鋼,鋼,はがね,Steel,G6,N1,3
672,昆,昆虫,こんちゅう,Insect (scientific),S,N1,3
685,査,調査,ちょうさ,investigation,G5,N2,3
690,鎖,鎖,くさり,chain,S,N1,3
698,砕,砕く,くだく,"crush, smash",S,N1,3
715,際,実際,じっさい,In fact... In practice,G5,N3,3
721,罪,犯罪,はんざい,crime,G5,N3,3
722,崎,宮崎県,みやざきけん,Miyazaki Prefecture,S,N1,3
729,酢,酢,す,vinegar,S,N1,3
733,冊,ｘｘｘ冊,ｘｘｘさつ,counter for books,G6,N2,3
734,札,札,さつ, bill (dollar bill),G4,N2,3
737,拶,挨拶,あいさつ,greetings,S,N1,3
740,撮,撮影,さつえい,movie/photo shoot,S,N1,3
748,蚕,蚕,かいこ,silkworm,G6,N1,3
775,志,志す,こころざす,aspire to,G5,N1,3
784,姿,姿,すがた,a figure (like a shadowy figure),G6,N1,3
788,師,医師,いし,physician,G5,N3,3
794,詞,歌詞 /名詞/動詞,かし/めいし/どうし,lyrics/nouns/ verbs,G6,N2,3
798,詩,詩,し・うた,poem,G3,N1,3
800,飼,飼う,かう,"keep (a pet), raise, rear",G5,N1,3
806,示,指示,しじ,instructions,G5,N3,3
827,識,意識,いしき,aware/conscious of,G5,N3,3
882,樹,樹皮,じゅひ,tree bark,G6,N1,3
890,拾,拾う,ひろう,pick up/find,G3,N2,3
905,蹴,蹴る,ける,kick,S,N1,3
906,襲,襲う,おそう,to be attacked ,S,N1,3
909,充,充電,じゅうでん,charge a battery (and phone),S,N1,3
915,銃,銃,じゅう,gun,S,N1,3
919,祝,祝う,いわう,celebrate,G4,N2,3
939,順,順番,じゅんばん,order (in a line - like performances in a show),G4,N2,3
964,床,床,ゆか,floor,S,N2,3
971,松,松,まつ,pine tree,G4,N1,3
972,沼,沼/沼地,"ぬま/ぬまち
",swamp,S,N1,3
977,症,花粉症,かふんしょう,hay fever,S,N1,3
982,商,商品,しょうひん,"goods, merchandise",G3,N3,3
991,焦,焦げる,こげる,"be burned, charred",S,N1,3
993,粧,化粧,けしょう,makeup,S,N1,3
995,証,証明,しょうめい,prove,G5,N1,3
997,傷,傷つける,きずつける,"wound, damage, harm",G6,N1,3
999,照,照る,てる,shine,G4,N2,3
1007,礁,礁湖,しょうこ,reef,S,N1,3
1008,鐘,鐘,かね,hanging bell (like liberty bell or in grandfather clocks),S,N1,3
1019,情,感情,かんじょう,a feeling/emotion,G5,N3,3
1032,植,植える,うえる,to plant a plant,G3,N2,3
1034,飾,飾る,かざる,"decorate, display",S,N1,3
1037,織,組織,そしき,organization,G5,N1,3
1038,職,職場,しょくば,place of work,G5,N3,3
1039,辱,辱める,はずかしめる,to embarass someone else,S,N1,3
1057,針,針,はり,a needle,G6,N2,3
1078,腎,腎臓,じんぞう,kidney,S,N1,3
1084,炊,炊飯器,すいはんき,rice cooker,S,N1,3
1088,推,推測,すいそく,to guess,G6,N1,3
1089,酔,酔っ払い,よっぱらい,drunk,S,N1,3
1116,斉,一斉に,いっせいに,"together, in unison",S,N1,3
1120,省,省 (Ex.文部科学省),しょう (もんぶかがくしょう）,Ministry of xx (Ministry of Education),G4,N2,3
1130,精,精一杯,せいいっぱい,with all ones might,G5,N3,3
1132,誓,誓って,ちかって,"""upon my word""",S,N1,3
1143,析,解析,かいせき,analysis,S,N1,3
1145,脊,脊椎,せきずい,spine,S,N1,3
1147,惜,惜しい,おしい,close!,S,N1,3
1151,積,積もる,つもる,"pile up, accumulate",G4,N3,3
1158,接,面接,めんせつ,job interview,G5,N2,3
1164,舌,舌,した,tounge,G5,N1,3
1176,染,馴染む,なじむ,adapt to,G6,N1,3
1195,鮮,鮮明,せんめい,vivid,S,N1,3
1204,狙,狙う,ねらう,to aim at/aim for,S,N1,3
1206,祖,祖先,そせん,ancestor,G5,N3,3
1218,壮,壮大 な,そうだい な,epic,S,N1,3
1230,桑,桑原,くわばら,mulberry field,S,N1,3
1234,曽,曾祖父母,そうそふぼ,great grandparents,S,N1,3
1235,爽,爽やか,さわやか,refreshing,S,N1,3
1237,創,創造的,そうぞうてき,creative,G6,N1,3
1239,痩,痩る,やせる,to lose weight,S,N1,3
1240,葬,葬式,そうしき,funeral,S,N1,3
1251,霜,霜,しも,frost,S,N1,3
1255,像,映像,えいぞう,image,G5,N2,3
1259,贈,贈り物,おくりもの,present,S,N2,3
1270,測,推測,すいそく,to guess,G5,N2,3
1271,俗,民俗,みんぞく,folk,S,N1,3
1274,賊,海賊,かいぞく,a pirate,S,N1,3
1277,率,比率,ひりつ,ratio,G5,N1,3
1278,存,ご存じ,ごぞんじ,“do you know?” (honorific),G6,N3,3
1280,孫,孫,まご,grandchild,G4,N2,3
1281,尊,尊敬 (語),そんけい (ご),respect (formal language),G6,N2,3
1298,怠,怠ける,なまける,be lazy,S,N1,3
1300,退,退屈,たいくつ,boring,G5,N3,3
1308,隊,軍隊,ぐんたい,army,G4,N1,3
1311,戴,頂戴,ちょうだい,"to recieve, be given (humble)",S,N1,3
1317,滝,滝,たき,waterfall,S,N1,3
1321,卓,電卓,でんたく,calculator,S,N1,3
1335,担,担ぐ,かつぐ,carry on one’s shoulders,G6,N2,3
1338,胆,大胆,だいたん,daring/bold,S,N1,3
1340,淡,淡い,あわい,faint color (sickly),S,N1,3
1350,断,断わる,ことわる,"refuse, decline",G5,N3,3
1351,弾,爆弾,ばくだん,bomb,S,N1,3
1364,置,置く,おく,to put something down (on the table),G4,N3,3
1369,蓄,蓄える,たくわえる,"save/accumulate money, put aside, store",S,N1,3
1391,貯,貯金,ちょきん,savings (money),G4,N2,3
1398,挑,挑戦,ちょせん,try,S,N1,3
1399,帳,手帳,てちょう,notebook (planner),G3,N1,3
1402,眺,眺める,ながめる,"watch, view (stars)",S,N1,3
1403,釣,釣る,つる,caught fish,S,N1,3
1410,跳,縄跳び,なわとび,jump rope,S,N1,3
1411,徴,特徴,とくちょう,characteristic ,S,N1,3
1413,潮,潮,しお,tide,G6,N1,3
1415,調,調査,ちょうさ,investigation,G3,N3,3
1421,沈,沈む,しずむ,sink,S,N2,3
1425,賃,家賃,やちん,rent,G6,N1,3
1427,追,追う,おう,"chase, drive away",G3,N3,3
1435,爪,爪,つめ,"claw, nail, talon",S,N1,3
1436,鶴,鶴,つる,crane,S,N1,3
1442,底,底,そこ,there,G4,N2,3
1444,邸,大邸宅,ていたく,mansion,S,N1,3
1445,亭,ｘｘｘ亭,ｘｘｘてい,XXX's restuarant,S,N1,3
1448,訂,訂正,ていせい,correct or revise,S,N1,3
1464,適,適当,てきとう,appropriate,G5,N3,3
1473,典,古典的,こてんてき,classical ,G4,N1,3
1476,展,展覧会,てんらんかい,exhibition (art),G6,N1,3
1485,吐,吐き気,はきけ,nausea,S,N1,3
1490,渡,渡す,わたす,hand over,S,N3,3
1491,塗,塗る,ぬる,paint (walls/houses),S,N2,3
1502,投,"投票/投げる
",とうひょう・なげる,"vote/throw
",G3,N3,3
1505,到,到着,とうちゃく,train arrives,S,N3,3
1506,逃,逃げる,にげる,run away,S,N3,3
1508,凍,凍る,こおる,freeze,S,N2,3
1513,透,透明,とうめい,transparent,S,N1,3
1514,党,自民党,じみんとう,LDP,G6,N2,3
1516,盗,盗む,ぬすむ,steal,S,N3,3
1517,陶,陶器,とうき,pottery,S,N1,3
1525,等,等々,などなど,etc,G3,N3,3
1529,踏,踏む,ふむ,step on,S,N1,3
1534,闘,闘う,たたかう,"fight against, struggle against",S,N1,3
1544,銅,銅,どう,bronze,G5,N2,3
1554,毒,毒,どく,poison,G4,N2,3
1560,届,届く,とどく,to reach,G6,N2,3
1568,那,旦那,だんな,husband (informal)​,S,N1,3
1571,梨,梨 (山梨県),なし(やまなしけん）,pear (Yamanashi Prefecture),S,N1,3
1590,認,認める,みとめる,recognize,G6,N3,3
1595,捻,捻る,ひねる,"bend, twist",S,N1,3
1596,粘,粘る,ねばる,to be sticky,S,N1,3
1602,農,農家,のうか,farmer,G3,N2,3
1606,派,立派/派手,りっぱ/はで,high class/guady,G6,N1,3
1608,覇,覇権,はけん,hegemony,S,N1,3
1615,肺,肺,はい,lung,G6,N1,3
1619,敗,失敗,しっぱい,failure,G4,N3,3
1634,迫,迫る,せまる,"to approach, to draw near, to be imminent",S,N1,3
1635,剝,剥く,むく,"to peel, to skin",S,N1,3
1637,博,博物館,はくぶつかん,a museum that is not focused on the arts,G4,N1,3
1640,漠,砂漠,さばく,a desert,S,N1,3
1642,爆,爆弾,ばくだん,bomb,S,N2,3
1645,畑,畑,はたけ,field,G3,N1,3
1648,鉢,鉢巻,はちまき,stylized Japanese headband,S,N1,3
1658,犯,犯人,はんにん,criminal,G5,N3,3
1669,般,一般的,いっぱんてき,ordinary/average/unimportant,S,N2,3
1670,販,自動販売機,じどうはんばいき,vending machine,S,N2,3
1677,繁,頻繁に,ひんぱんに,frequently,S,N1,3
1684,皮,皮,かわ,skin (fruit skin),G3,N2,3
1686,否,否定する,ひていする,to deny (formal),G6,N3,3
1698,扉,扉,とびら,large double doors,S,N1,3
1702,避,避ける,さける,"avoid, dodge",S,N1,3
1707,微,微妙,びみょう,mehhh,S,N1,3
1710,肘,肘,ひじ,elbow,S,N1,3
1712,必,必ず,かならず,"always, certainly",G4,N3,3
1755,敷,敷く,しく,"spread out, lay (something)",S,N1,3
1765,伏,伏せる,ふせる,lay face down,S,N1,3
1769,復,復習,ふくしゅう,review,G5,N2,3
1775,沸,お湯が沸く,わく,to boil water,S,N2,3
1780,雰,雰囲気,ふんいき,atmosphere,S,N1,3
1782,墳,古墳,こふん,ancient burial ground,S,N1,3
1803,璧,完璧,かんぺき,perfect,S,N1,3
1827,暮,暮らす,くらす,live (lifestyle),G6,N3,3
1830,包,包む,つつむ,to wrap,G4,N2,3
1836,放,放送/日本放送 協会,ほうそう/にほんほうそうきょうかい,broadcasting/NHK,G3,N3,3
1838,泡,泡,あわ,bubble,S,N1,3
1844,崩,崩れる,くずれる,"collapse, cave in",S,N1,3
1860,肪,脂肪,しぼう,grease or fat,S,N1,3
1862,冒,冒険,ぼうけん,adventure,S,N1,3
1865,望,希望,きぼう,request,G4,N3,3
1874,頰,頬,ほお,cheeks,S,N1,3
1881,墨,墨絵,すみえ,sumi-e ink painting,S,N1,3
1888,翻,翻訳,ほんやく,translation,S,N1,3
1902,枕,枕,まくら,pillow,S,N1,3
1908,慢,我慢する,がまんする,to persevere,S,N1,3
1912,魅,魅力,みりょく,alluring (person),S,N1,3
1913,岬,岬,みさき,cape (on coast),S,N1,3
1917,妙,微妙,びみょう,meh,S,N1,3
1924,霧,霧,きり,fog,S,N1,3
1933,鳴,鳴く,なく,animal cry,G2,N3,3
1934,滅,滅ぼす,ほろぼす,"destroy, ruin",S,N1,3
1938,麺,麺,めん,noodles,S,N1,3
1939,茂,茂る,しげる,to grow thickly (like plants),S,N1,3
1946,網,網,あみ,net/web,S,N1,3
1955,弥,弥生時代,やよいじだい,Yayoi Period,S,N1,3
1957,役,役に立つ,やくにたつ,to work like it's supposed to,G3,N3,3
1974,幽,幽霊,ゆうれい,ghost (vengeful like a horror movie),S,N1,3
1982,誘,誘そう,さそう,to invite (someone over),S,N1,3
1983,憂,憂い,うれい,grief/sorrow,S,N1,3
1986,与,給与,きゅうよ,wages,S,N3,3
1994,妖,妖怪,ようかい,ghost (can be nice),S,N1,3
1997,容,内容,ないよう,contents,G5,N3,3
2003,溶,溶ける,とける,"melt, dissolve, come untied",S,N2,3
2004,腰,腰,こし,lower back,S,N2,3
2013,抑,抑える,おさえる,"restrain, control (emotions etc)",S,N1,3
2024,頼,頼む,たのむ,to ask a favor,S,N3,3
2025,絡,連絡,れんらく,to inform,S,N2,3
2043,離,離婚,りこん,divorce,S,N1,3
2044,陸,離陸,りりく,take off (plane),G4,N2,3
2052,竜,恐竜,きょうりゅう,dinosaur,S,N1,3
2060,了,完了,かんりょう,to finish (working on something),S,N2,3
2068,僚,同僚,どうりょう,coworker,S,N1,3
2090,励,励ます,はげます,encourage,S,N1,3
2095,霊,幽霊,ゆうれい,vengeful ghost,S,N1,3
2099,暦,歴年,れきねん,calendar year,S,N1,3
2101,列,列,れつ,a line of people,G3,N3,3
2106,連,連絡,れんらく,to inform,G4,N3,3
2118,郎,桃太郎,ももたろ,Momotaro (popular Japanese folklore hero),S,N1,3
2121,廊,廊下,ろうか,corridor,S,N1,3
2123,漏,漏らす,もらす,"leak, disclose",S,N1,3
2126,録,登録,とうろく,"to enter data, or to register for something/subscribe",G4,N2,3
2127,麓,麓,ふもと,foot (of a mountain or hill),S,N1,3
2128,論,論文,ろんぶん,thesis paper,G6,N3,3
2132,脇,脇の下,わき,armpit,S,N1,3
2,哀,哀れ,あわれ,poor/pitiful,S,N1,4
8,圧,圧倒,あっとう,to overwhelm/overpower (an opponent),G5,N2,4
9,扱,扱う,あつかう,"to treat, deal with, handle",S,N1,4
20,依,依存,いぞん,to depend on,S,N2,4
21,委,委員,いいん,member of a committee,G3,N2,4
28,移,移る,うつる,to transfer,G5,N2,4
30,偉,偉い,えらい,great/prestigious/distinguished,S,N3,4
35,維,維持,いじ,to maintain or sustain something,S,N1,4
37,遺,遺産,いさん,inheritance,G6,N1,4
39,域,地域,ちいき,"district, zone, region",G6,N2,4
43,逸,逸話,いつわ,an anecdote,S,N1,4
48,因,原因,げんいん,cause,G5,N3,4
73,営,営業中,えいぎょうちゅう,open for business ,G5,N2,4
80,益,利益,りえき,profits,G5,N1,4
81,液,液体,えきたい,liquid,G5,N2,4
88,延,延長,えんちょう,to extend or prolong time,G6,N2,4
89,沿,沿い/に沿って,ぞい/にそって,along,G6,N1,4
102,縁,縁,ふち,edge,S,N1,4
109,往,往復,おうふく,round trip,G5,N1,4
117,横,横,よこ,beside,G3,N3,4
128,恩,恩知らず,おんしらず,ungrateful,G5,N1,4
140,価,価,あたい,value,G5,N1,4
154,嫁,嫁,よめ,bride,S,N1,4
170,雅,優雅,ゆうが,"elegant, graceful, refined",S,N1,4
176,快,快い,こころよい,pleasant/comfortable,G5,N2,4
178,改,改革,かいかく,reform,G4,N2,4
180,拐,誘拐,ゆうかい,kidnapping /abduction,S,N1,4
199,害,被害/被害者,ひがい/ひがいしゃ,casualties/victim,G4,N3,4
201,涯,生涯,しょうがい,lifetime,S,N1,4
203,慨,憤慨,ふんがい,resentment,S,N1,4
205,該,該当,がいとう,correspond to,S,N1,4
206,概,一概に,いちがいに,generalize,S,N1,4
210,各,各ｘｘｘ,かくｘｘｘ,each xxx,G4,N2,4
212,拡,拡張,かくちょう,"enlarge, expand, extend",G6,N1,4
215,核,核兵器,かくへいき,nuclear weapons,S,N1,4
216,殻,貝殻,かいがら,seashell,S,N1,4
219,較,比較的,ひかくてき,comparatively,S,N1,4
220,隔,隔てる,へだてる,"to partition, to separate",S,N1,4
223,獲,獲物,えもの,prey,S,N1,4
227,岳,山岳,さんがく,mountains,S,N1,4
229,額,半額,はんがく,half-price,G5,N2,4
243,株,株/株式,かぶ/かぶしき,stocks,G6,N1,4
248,刊,刊行,かんこう,publication,G5,N2,4
251,缶,缶きり,かんきり,can opener,S,N2,4
254,官,官僚,かんりょう,bureaucrat,G4,N3,4
258,陥,欠陥,けっかん,defect,S,N1,4
260,勘,勘が ある,かん が ある,"""I have a hunch""",S,N1,4
261,患,患者,かんじゃ,a medical patient,S,N2,4
262,貫,一貫性,いっかんせい,consistency,S,N1,4
264,喚,喚問,かんもん,summons (to be summoned to court),S,N1,4
265,堪,堪らない,たまらない,"intolerable/unbearable
",S,N1,4
268,棺,棺,ひつぎ/かん,"coffin, casket",S,N1,4
273,寛,寛大,かんだい,lenient,S,N1,4
278,管,管理,かんり,management,G4,N2,4
281,監,監督,かんとく,director,S,N1,4
282,緩,緩む,ゆるむ,to become loose,S,N1,4
283,憾,遺憾,いかん,"regrettable,  deplorable",S,N1,4
293,含,含む,ふくむ,to include,S,N2,4
318,飢,飢える,うえる,starving (like when people die),S,N1,4
322,寄,寄る,よる,to come near/get close,G5,N3,4
323,規,規則,きそく,rule/regulation,G5,N3,4
327,揮,発揮,はっき,"to show (ones power, ability etc)",G6,N1,4
330,貴,貴重,きちょう,"precious, valuable",G6,N1,4
331,棄,放棄,ほうき,"to abandon, to renounce, to discard",S,N1,4
333,旗,旗,はた,flag,G4,N1,4
342,欺,詐欺,さぎ,"fraud, scam",S,N1,4
343,義,主義 (資本主義),しゅぎ (しほんしゅぎ),-ism (capitalism),G5,N1,4
344,疑,疑問,ぎもん,a doubt,G6,N3,4
345,儀,礼儀,れいぎ,"manners, etiquette",S,N1,4
348,犠,犠牲者,ぎせいしゃ,victim,S,N1,4
354,却,却下,きゃっか,"dismiss, reject",S,N1,4
362,弓,弓,ゆみ,bow/archery bow,G2,N1,4
373,級,同級生/級友  ,どうきゅうせい/きゅうゆう,classmate,G3,N1,4
380,窮,窮屈,きゅうくつ,"cramped, stiff",S,N1,4
385,拒,拒む,こばむ,to refuse; to reject; to decline,S,N1,4
388,虚,謙虚,けんきょ,"modest, humble",S,N1,4
390,距,距離,きょり,physical distance between two things,S,N1,4
394,凶,凶悪,きょうあく,"heinous, atrocious",S,N1,4
402,況,状況,じょうきょう,"context, condition ",S,N2,4
409,脅,脅す,おどす,to threaten,S,N1,4
413,境,環境,かんきょう,environment (both natural & circumstantial),G5,N2,4
426,極,極端/極める,きょくたん/きわめる,extreme/extremely ,G4,N2,4
430,均,平均,へいきん,average/mean,G5,N2,4
448,駆,駆ける,かける,to gallop,S,N1,4
451,愚,愚か,おろか,foolish,S,N1,4
455,隅,隅,すみ,corner of a room,S,N2,4
468,群,群れ (群馬県),むれ (ぐんまけん）,a flock/herd/swarm etc (Gunma Prefecture),G5,N2,4
473,径,直径,ちょっけい,diameter,G4,N1,4
475,係,関係,かんけい,related to,G3,N3,4
490,継,受け継ぐ,うけつぐ,to inherit,S,N1,4
503,撃,撃つ,うつ,to shoot (a weapon),S,N1,4
504,激,激しい,はげしい,"severe, violent, intense",G6,N1,4
512,潔,潔い,いさぎよい,honorable,G5,N1,4
517,券,券 (ex. 食券)  ,けん (ex. しょっけん) ,ticket (ex. meal ticket),G5,N2,4
522,倹,倹約,けんやく,frugal,S,N1,4
523,兼,兼業,けんぎょう,having a second or parttime job,S,N1,4
526,軒,ｘｘｘ軒,ｘｘｘけん,counter for shops or houses,S,N2,4
529,圏,圏内/圏外,"けんない/けんがい

",within range/outside of range,S,N1,4
531,検,検査,けんさ,a medical checkup,G5,N1,4
536,権,人権,じんけん,human rights,G6,N3,4
539,謙,謙虚,けんきょ,"modest, humble",S,N1,4
546,幻,幻覚,げんかく,hallucination,S,N1,4
555,源,源,みなもと,source (of a river)/spring,G6,N1,4
562,股,股/股間,また/こかん,crotch,S,N1,4
564,孤,孤児,こじ/みなしご,orphan,S,N1,4
567,枯,枯れる,かれる,to wither,S,N2,4
572,誇,誇り,ほこり,pride,S,N1,4
575,顧,顧みる,かえりみる,to look back on (the past),S,N1,4
581,娯,娯楽,ごらく,entertainment,S,N1,4
582,悟,悟る,さとる,to attain enlightenment,S,N1,4
585,誤,誤解,ごかい,a misunderstanding,G6,N3,4
593,巧,巧み,たくみ,skillful,S,N1,4
605,孝,親孝行,おやこうこう,filial piety,G6,N1,4
606,抗,抗議,こうぎ,protest,S,N1,4
609,効,効果的,こうかてき,effective,G5,N2,4
611,拘,拘留,こうりゅう,to be taken into custody,S,N1,4
612,肯,肯定,こうてい,to affirm,S,N2,4
618,紅,口紅,くちべに,lipstick,G6,N2,4
620,郊,郊外,こうがい,a suburb,S,N2,4
622,候,候補,こほう,candidate,G4,N3,4
625,航,航空,こうくう,aviation,G4,N2,4
630,控,控える,ひかえる,to have restraint,S,N1,4
638,項,項目,こうもく,clause,S,N1,4
639,溝,溝,みぞ,"ditch, gutter, drain",S,N1,4
648,講,講義,こうぎ,college lecture,G5,N2,4
649,購,購読,こうどく,to do a literary subscription,S,N1,4
653,拷,拷問,ごうもん,torture ,S,N1,4
656,豪,豪華,ごうか,luxurious,S,N1,4
657,克,克服,こくふく,to conquer/control/subjugate,S,N1,4
658,告,告白,こくはく,to confess,G4,N3,4
660,刻,刻む,きざむ,to carve up,G6,N3,4
695,災,災害,さいがい,natural disaster,G5,N1,4
699,宰,主宰,しゅさい,to preside over,S,N1,4
701,彩,彩る,いろどる,to color,S,N1,4
702,採,採点,さいてん,to mark papers or an exam,G5,N2,4
703,済,経済,けいざい,economy,G6,N3,4
709,裁,裁判,さいばん,a trial/lawsuit,G6,N1,4
711,催,催す,もよおす,to hold (an event),S,N1,4
714,載,掲載,けいさい,"to publish (an article), report",S,N1,4
717,在,現在,げんざい,present ,G5,N3,4
718,材,材料,ざいりょう,"ingredients, material",G4,N2,4
719,剤,ｘｘｘ剤 (解熱剤),ｘｘｘざい (げねつざい),xxx drug/medicine (anti-fever medicine),S,N1,4
724,削,削除,さくじょ,to delete,S,N1,4
727,索,索引,さくいん,index (in a book),S,N1,4
735,刷,印刷,いんさつ,printing ,G4,N2,4
741,擦,摩擦,まさつ,friction,S,N1,4
749,惨,惨め,みじめ ,pathetic (unsympathetically),S,N1,4
753,算,計算,さいさん,to calculate,G2,N2,4
755,賛,賛成,さんせい,to agree with/support a statement,G5,N3,4
766,司,司会者,しかいしゃ,"chairman, MC, host",G4,N1,4
769,矢,弓矢,ゆみや,bow and arrow,G2,N1,4
773,至,至る,いたる,to arrive at (a decision),G6,N1,4
774,伺,伺う,うかがう,a formal visit,S,N2,4
782,祉,福祉,ふくし,social welfare programs,S,N1,4
787,施,施設,しせつ,institution; establishment; facility,S,N1,4
792,視,無視,むし,to ignore,G6,N1,4
799,資,資料,しりょう,primary sources,G5,N3,4
802,雌,雌,めす,"female (animal, plant etc)",S,N1,4
813,児,児童 (ex 児童文学),じどう(じどうぶんが）,formal word for children (Ex. children's literature),G4,N2,4
822,磁,磁石,じしゃく,a magnet,G6,N1,4
834,執,圧倒,あっとう,to be overwhelmed,S,N1,4
835,湿,加湿器,かしつき,humidifier,S,N2,4
840,芝,芝生,しばふ,lawn,S,N1,4
849,斜,斜め,ななめ,"slanting, tilted, diagonal",S,N1,4
850,煮,煮る,にる,to simmer,S,N1,4
866,朱,朱色,しゅいろ,vermilion,S,N1,4
868,狩,狩る,かる,to hunt,S,N1,4
873,腫,腫れる,はれる,to swell (from inflammation),S,N1,4
878,呪,呪い,のろい,curse,S,N1,4
880,需,必需品,ひつじゅひん,necessities,S,N1,4
881,儒,儒教,じゅきょう,Confucianism,S,N1,4
883,収,収入,しゅうにゅう,income,G6,N3,4
884,囚,囚人,しゅうじん,prisoner,S,N1,4
887,秀,優秀,ゆうしゅう,excellence,S,N1,4
889,宗,宗教,しゅうきょう,religion,G6,N1,4
900,衆,大衆,たいしゅう,general public (in a political sense),G6,N1,4
902,愁,哀愁,あいしゅう,"sorrow, grief",S,N1,4
913,従,従う,したがう,"to obey (an order, law, etc.)",G6,N1,4
917,縦,縦,たて,vertical,G6,N1,4
923,縮,縮まる/収縮,ちぢまる/しゅうしゅく,to contract ,G6,N1,4
927,述,述べる,のべる,to state/express,G5,N2,4
931,瞬,瞬間,しゅんかん,"moment, second, instant",S,N1,4
932,旬,上旬/下旬/中旬,じょうじゅん/げじゅん/ちゅうじゅん,beginning/end/middle of the month,S,N1,4
933,巡,巡礼,じゅんれい,pilgrimage,S,N1,4
934,盾,矛盾,むじゅん,contradiction,S,N1,4
937,純,純粋,じゅんすい,essence ,G6,N2,4
938,循,循環,じゅんかん,circulation ,S,N1,4
941,潤,潤い,うるおい,moisture,S,N1,4
943,処,処理,しょり,to manage/take care of a problem,G6,N3,4
947,庶,庶民,しょみん,commoner,S,N1,4
951,諸,諸ｘｘｘ,しょｘｘｘ,various xxx,G6,N2,4
955,序,序文,じょぶん,preface,G5,N1,4
963,匠,師匠,ししょう,teacher who has apprentices,S,N1,4
967,尚,尚更,なおさら,"""all the more""",S,N1,4
969,承,承認,しょうにん,approval,G5,N2,4
970,昇,昇格,しょうかく,promotion,S,N2,4
979,称,対称的,たいしょうてき,symmetrical,S,N1,4
981,唱,唱える,となえる,chant,G4,N1,4
983,渉,干渉,かんしょう,to interfere,S,N1,4
986,訟,訴訟,そしょう,lawsuit,S,N1,4
989,晶,液晶,えきしょう,liquid crystal display,S,N1,4
1000,詳,詳細,しょうさい,details,S,N1,4
1002,障,障害,しょうがい,disability,G6,N1,4
1004,衝,衝突,しょうとつ,"collision, crash",S,N1,4
1005,賞,賞品/賞金,しょうひん/しょうきん,prize/prize money,G4,N2,4
1006,償,賠償,ばいしょう,reparations/ compensation money,S,N1,4
1013,状,状況,じょうきょう,context,G5,N3,4
1017,剰,過剰,かじょう,excessive,S,N1,4
1018,常,常に,つねに,ordinarily/normally or always/constantly,G5,N3,4
1025,嬢,嬢,じょう,miss/a young unmarried woman,S,N1,4
1027,譲,謙譲語,けんじょうご,humble japanese speech,S,N1,4
1030,拭,拭く,ふく,"to wipe, to dry",S,N1,4
1033,殖,生殖,せいしょく,reproduction,S,N1,4
1043,伸,伸ばす,のばす,to stretch,S,N2,4
1044,臣,大臣,だいじん,minister,G4,N2,4
1048,侵,侵入,しんにゅう,invasion,S,N1,4
1053,娠,妊娠,にんしん,pregnant,S,N1,4
1054,振,振り,ふり,to pretend,S,N1,4
1055,浸,浸す,ひたす,to soak,S,N1,4
1059,紳,紳士,しんし,gentleman,S,N1,4
1062,診,診療,しんりょう,diagnosis,S,N1,4
1064,慎,慎重,しんちょう,discreet,S,N1,4
1066,審,陪審,ばいしん,jury,S,N1,4
1071,刃,刃物,はもの,edged bladed weapon/kitchen cutlery,S,N1,4
1073,尽,尽くす,つくす,"to exhaust, use up, run out",S,N1,4
1075,甚,甚大,じんだい,enormous,S,N1,4
1076,陣,陣地,じんち,position/territory/encampment/base (military),S,N1,4
1083,垂,垂らす, たらす,to hang down/dangle,G6,N1,4
1086,粋,純粋,じゅんすい,essence,S,N1,4
1087,衰,衰退,すいたい,decline ,S,N1,4
1090,遂,遂に,つい に ,"finally, at last",S,N1,4
1091,睡,睡眠,すいみん,sleep (medical term),S,N1,4
1119,牲,犠牲,ぎせい,a sacrifice,S,N1,4
1123,清,清い,きよい,pure,G4,N2,4
1127,勢,姿勢,しせい,posture,G5,N2,4
1128,聖,神聖,しんせい,holy/holiness,G6,N1,4
1129,誠,誠実,せいじつ,fidelity,G6,N1,4
1131,製,製造業,せいぞうぎょう,manufacturing,G5,N1,4
1134,請,請願,せいがん,a petition,S,N1,4
1135,整,整理券,せいりけん,numbered tickets,G3,N1,4
1137,税,税金,"ぜいきん 
",taxes/tax money,G5,N2,4
1149,責,責任,せきにん,responsibility,G5,N3,4
1150,跡,足跡,あしあと,footprint,S,N2,4
1159,設,建設,けんせつ,construction,G5,N2,4
1169,占,占い,うらない,fortune-telling,S,N2,4
1171,宣,宣伝,せんでん,propaganda,G6,N1,4
1188,銭,銭湯,せんとう,public bath,G5,N1,4
1189,潜,潜在意識,せんざいいしき,subconscious,S,N1,4
1198,善,善,ぜん,virtuous,G6,N1,4
1203,繕,繕う,つくろう,to mend clothing/to keep up appearances,S,N1,4
1205,阻,阻害,そがい,an obstruction,S,N1,4
1210,粗,粗い/粗品,あらい/そしな,crude/a poor gift,S,N1,4
1212,疎,( に )疎い,( に ) うとい,emotionally distant/estranged from,S,N1,4
1213,訴,訴える,うったえる,to accuse of wrongdoing/to file a lawsuit,S,N1,4
1216,礎,基礎,きそ,the fundamentals of/foundation of,S,N1,4
1222,奏,演奏,えんそう,perform/performance,G6,N1,4
1227,倉,倉庫,そうこ,warehouse,G4,N1,4
1229,挿,挿入,そうにゅう,to insert,S,N1,4
1231,巣,クモの巣,クモのす,spiderweb,G4,N1,4
1241,装,変装,へんそう,disguise,G6,N2,4
1242,僧,僧侶,そうりょ,buddhist monk,S,N1,4
1244,層,ｘｘｘ 層 (オゾン層 ),ｘｘｘそう (おぞんそう) ,layer (ozone layer),G6,N2,4
1245,総,総理,そうり,prime minister,G5,N2,4
1246,遭,( に ) 遭う,( に ) あう,a (negative) chance encounter,S,N1,4
1253,藻,海藻,かいそう,seaweed,S,N1,4
1254,造,創造的,そうぞうてき,creative,G5,N2,4
1257,憎,憎らしい,にくらしい,to detest,S,N2,4
1261,即,即興,そっきょう,to improvise,S,N1,4
1264,促,催促,さいそく,to repeatedly request,S,N1,4
1265,則,規則,きそく,rule or regulation ,G5,N2,4
1273,属,金属,きんぞく,metal,G5,N1,4
1282,損,損害,そんがい,damages,G5,N2,4
1288,妥,妥協,だきょう,compromise,S,N1,4
1289,唾,唾液,だえき,saliva,S,N1,4
1290,堕,堕落してる,だらくしてる,morally corrupt (not politcally),S,N1,4
1296,耐,耐る,たえる,to physically withstand,S,N1,4
1305,逮,逮捕,たいほ,to arrest,S,N1,4
1306,替,替える, かえる,to switch between things (channels/sides etc),S,N2,4
1309,滞,渋滞,じゅうたい,traffic,S,N1,4
1319,択,選択,せんたく,to choose (formal),S,N1,4
1325,諾,承諾,しょうだく,consent,S,N1,4
1330,奪,奪う,うばう,to steal by force,S,N1,4
1337,炭,石炭,せきたん,coal,G3,N2,4
1342,嘆,驚嘆,きょうたん,"wonder, amazement",S,N1,4
1343,端,端,はし,edge,S,N1,4
1367,畜,家畜,かちく,livestock,S,N2,4
1370,築,建築,けんちく,architecture​,G5,N2,4
1381,忠,忠実,ちゅうじつ,faithful,G6,N1,4
1382,抽,抽象的,ちゅうしょうてき,abstract,S,N1,4
1385,柱,柱,はしら,pillar,G3,N2,4
1390,著,著作権,ちょさくけん,copyright,G6,N2,4
1394,庁,東京都庁,とうきょうとちょう,Tokyo Metropolitan Government,G6,N2,4
1395,兆,兆候,ちょうこう,a sign/omen,G4,N2,4
1401,彫,彫る,ほる,to carve,S,N1,4
1416,聴,盗聴,とうちょう,"to wiretap, bug",S,N1,4
1433,漬,漬物,つけもの,Japanese pickeled vegetables,S,N1,4
1446,貞,童貞,どうてい,male virgin,S,N1,4
1447,帝,帝国,ていこく,empire,S,N1,4
1454,提,提案,ていあん,proposal,G5,N1,4
1457,締,締め切り,しめきり,deadline,S,N1,4
1462,摘,摘む,つむ,to prune (ex. a bush),S,N1,4
1463,滴,滴る,したたる,to drip,S,N2,4
1470,徹,徹底的( に ) ,てっていてき( に ) ,to do thoroughly,S,N1,4
1471,撤,撤去,てっきょ,to dismantle,S,N1,4
1477,添,添付,てんぷ,to attach (ex. a file),S,N1,4
1487,徒,生徒,せいと,religious follower,G4,N3,4
1492,賭,賭ける,かける,to bet/risk,S,N1,4
1500,灯,街灯,がいとう,streetlight,G4,N2,4
1509,唐,唐突,とうとつ,sudden and unexpected,S,N1,4
1512,討,討論,とうろん,discussion,G6,N1,4
1518,塔,塔 (エッフェル塔),とう (エッフェルとう),tower (Eiffel tower) ,S,N2,4
1519,搭,搭乗,とうじょう,"to board (a plane, boat etc.)",S,N1,4
1526,筒,封筒,ふうとう,envelope,S,N2,4
1538,胴,胴体,どうたい,torso,S,N1,4
1541,童,児童 (ex 児童文学),じどう(じどうぶんが）,formal word for children (Ex. children's literature),G3,N2,4
1545,導,導く,みちびく,moral guidance/leadership,G5,N2,4
1548,匿,匿名,とくめい,anonymity,S,N1,4
1551,督,監督,かんとく,a director,S,N1,4
1552,徳,道徳 （徳島県）,どうとく（とくしまけん）,moral principles (Tokushima Prefecture),G5,N1,4
1565,鈍,鈍い,にぶい,physically dull,S,N2,4
1572,謎,謎,なぞ,a mystery/riddle/enigma,S,N1,4
1578,尼,尼,あま,nun,S,N1,4
1586,尿,夜尿症,やにょうしょう,bed-wetting,S,N1,4
1587,任,責任,せきにん,responsibility,G5,N3,4
1588,妊,妊娠,にんしん,pregnancy,S,N1,4
1598,悩,悩む,なやむ,to worry,S,N2,4
1599,納,収納,しゅうのう," storage, putting or stowing away",G6,N1,4
1601,脳,洗脳,せんのう,brainwash,G6,N2,4
1607,破,破壊,はかい,destruction/to destroy,G5,N3,4
1612,拝,拝啓　（敬具）,はいけい　（けいぐ）,"""Dear xxx"" (formal)/pairs with ""sincerely""",G6,N2,4
1618,排,排除,はいじょ,to eliminate/remove,S,N1,4
1620,廃,廃止,はいし,abolish,S,N1,4
1626,陪,陪審,ばいしん,jury,S,N1,4
1641,縛,縛る,しばる,to bind or tie (a string),S,N1,4
1652,抜,抜く・抜ける,ぬく・ぬける,to pluck/to be plucked,S,N3,4
1661,伴,伴う,ともなう,to accompany,S,N1,4
1665,板,板/看板,いた/かんばん,board/store sign,G3,N2,4
1666,版,出版,しゅっぱん,to publish,G5,N2,4
1676,範,範囲,はんい,the extent/scope/range,S,N1,4
1682,盤,羅針盤,らしんばん,compass,S,N1,4
1687,批,批判,ひはん,criticism,G6,N1,4
1692,卑,卑しい,いやしい,lowly,S,N1,4
1699,費,費やす,ついやす,to consume/spend/watse,G4,N3,4
1720,票,票,ひょう,"vote, ballot",G4,N1,4
1721,評,評論,ひょうろん,"critique (of a play, book, film etc)",G5,N1,4
1722,漂,漂う,ただよう,to drift (through the air/on water),S,N1,4
1723,標,標識,ひょうしき,sign (like a stop sign),G4,N1,4
1724,苗,苗木,なえぎ,sapling,S,N1,4
1734,敏,敏感,びんかん,sensitive,S,N1,4
1745,附,附属,ふぞく,affiliated,S,N1,4
1759,侮,侮辱,ぶじょく,insult,S,N1,4
1763,封,封筒,ふうとう,envelope,S,N2,4
1767,副,副（副社長）,ふく（ふくしゃちょう）,vice  (vice president of a company),G4,N2,4
1768,幅,幅,はば,width,S,N2,4
1778,粉,粉/花粉症,こな/かふんしょう,powder/hay fever,G4,N2,4
1779,紛,紛らわしい,まぎらわしい,ambiguous,S,N1,4
1781,噴,噴く,ふく,to spew,S,N1,4
1783,憤,憤慨,ふんがい,resentment,S,N1,4
1784,奮,興奮,こうふん,excitement,G6,N1,4
1790,兵,兵士,へいし,soldier,G4,N2,4
1793,柄,柄,がら,pattern/design,S,N1,4
1804,癖,癖,くせ,a bad habit,S,N1,4
1811,偏,偏見,へんけん,prejudice/bias,S,N1,4
1813,編,編集,へんしゅう,to edit,G5,N2,4
1820,捕,捕まえる,つかまえる,to catch,S,N3,4
1821,補,候補,こうほ,candidate,G6,N2,4
1822,舗,店舗,てんぽ,a branch (of a chain store),S,N1,4
1824,募,募集中,ぼしゅうちゅう,now hiring,S,N2,4
1839,胞,細胞,さいぼう,a cell (biology),S,N1,4
1840,俸,年俸,ねんぽう,annual salary,S,N1,4
1843,砲,大砲,たいほう,a cannon,S,N1,4
1845,訪,訪ねる,たずねる,an official visit,G6,N3,4
1846,報,報道,ほうどう,news report,G5,N3,4
1848,豊,豊か,ゆたか,abundant,G5,N2,4
1849,飽,飽きる,あきる,to get tired of/lose interest in,S,N1,4
1856,妨,妨害,ぼうがい,interference,S,N1,4
1858,防,防ｘｘｘ（防水）,ぼうｘｘｘ（ぼうすい）,resistant (water-resistant),G5,N2,4
1859,房,房,ふさ,tuft (of hair),S,N1,4
1861,某,某ｘｘｘ,ぼうｘｘｘ,a certain xxx,S,N1,4
1863,剖,解剖,かいぼう,to dissect,S,N1,4
1869,貿,貿易,ぼうえき,international trade,G5,N2,4
1871,暴,暴力,ぼうりょく,violence,G5,N2,4
1872,膨,膨らむ,ふくらむ,to swell,S,N1,4
1873,謀,陰謀,いんぼう,a conspiracy,S,N1,4
1883,没,沈没,ちんぼつ,to sink,S,N1,4
1892,摩,摩擦,まさつ,friction,S,N1,4
1899,埋,埋める,うめる,to bury,S,N2,4
1916,脈,静脈,じょうみゃく,veins,G4,N1,4
1920,矛,矛盾,むじゅん,a contradiction,S,N1,4
1931,盟,同盟,どうめい,a military alliance (NATO etc),G6,N1,4
1940,模,模様,もよう,pattern,G6,N1,4
1942,妄,妄想,もうそう,a delusion,S,N1,4
1943,盲,盲点,もうてん,a blind spot/loophole,S,N1,4
1945,猛,猛烈,もうれつ,fierce (usually nature or emotions),S,N1,4
1956,厄,厄介,やっかい,troublesome,S,N1,4
1961,躍,躍る,おどる,to jump up (and down),S,N1,4
1962,闇,闇,やみ,absolute darkness,S,N1,4
1965,喩,比喩,ひゆ,metaphor,S,N1,4
1967,諭,諭す,さとす,to advise or guide (a child),S,N1,4
1968,輸,輸入/輸出,ゆにゅう/ゆしゅつ,import/export,G5,N2,4
1969,癒,癒/治癒,いやし/ちゆ,healing,S,N1,4
1970,唯,唯一のｘｘｘ,ゆいいつのｘｘｘ,the only xxx,S,N1,4
1979,裕,裕福,ゆうふく,"affluent, rich",S,N1,4
1981,雄,英雄,えいゆう,hero/heroine,S,N1,4
1984,融,金融,きんゆう,"finance, financing",S,N1,4
1988,余, 余る, あまる,surpluss/excess,G5,N3,4
1989,誉,名誉,めいよ,honor/prestige,S,N1,4
1990,預,預ける,あずける,to deposit money in a bank,G5,N2,4
1999,揚,揚げる/揚がる,あげる/あがる,hoisting a flag,S,N1,4
2000,揺,揺さぶる/揺れる/揺する/揺る,ゆさぶる/ゆれる/ゆする/ゆる,"to sway, shake, jolt, shock",S,N1,4
2006,瘍,腫瘍,しゅよう,tumor,S,N1,4
2009,養,養子,ようし,to adopt a child,G4,N1,4
2017,翌,翌日/翌月/翌朝,よくじつ/よくげつ/よくちょう,next day/next month/next morning,G6,N2,4
2029,乱,混乱,こんらん,confusion/disorder/chaos,G6,N2,4
2033,藍,藍色,あいいろ,indigo,S,N1,4
2040,裏,裏切り者,うらぎりもの,traitor,G6,N2,4
2042,璃,瑠璃色,るりいろ,azure blue,S,N1,4
2046,律,法律/律令,ほうりつ/りつりょう,laws /historical law system,G6,N2,4
2048,略,省略/略語,しょうりゃく/りゃくご,to abbreviate/an abbreviation,G5,N2,4
2053,粒,粒,つぶ,"grain, bead, drop",S,N2,4
2059,慮,遠慮,えんりょ,to regretfully decline/politely refuse,S,N1,4
2067,量,大量,たいりょう,a large amount/mass,G4,N2,4
2070,寮,寮,りょう,"hostel, dormitory",S,N1,4
2071,療,医療,いりょう,medical treatment,S,N2,4
2078,倫,倫理,りんり,one's personal ethics or principles,S,N1,4
2081,臨,臨む,のぞむ,"to face (a situation, crisis, etc.)",G6,N1,4
2082,瑠,瑠璃色,るりいろ,azure blue,S,N1,4
2086,類,種類,しゅるい,kinds/variety/types,G4,N3,4
2087,令,令和,れいわ,Reiwa Era,G4,N2,4
2093,鈴,鈴,すず,a bell/buzzer,S,N1,4
2097,齢,年齢,ねんれい,"age,years old",S,N2,4
2102,劣,劣る/劣悪,おとる/れつあく,to be inferior to/inferior,S,N1,4
2103,烈,強烈,きょうれつ,intense,S,N1,4
2104,裂,裂く,さく,"to tear, to rip up",S,N1,4
2113,路,道路,どうろ,road/highway,G3,N3,4
2115,老,老人,ろうじん,old person,G4,N3,4
2116,労,労働,ろうどう,manual labor,G4,N3,4
2131,賄,賄賂,わいろ,bribe,S,N1,4
2133,惑,迷惑,めいわく,annoyance/nuisance,S,N1,4
2134,枠,枠組み,"わくぐみ
",a framework,S,N1,4
5,曖,曖昧,あいまい,ambiguous/vague,S,N1,5
10,宛,宛名,あてな,"(addressee's) name, (recipient's) name ",S,N1,5
24,畏,畏まりました,かしこまりました,to obey respectfully,S,N1,5
26,尉,尉官,いかん,company officer,S,N1,5
38,緯,緯度,いど,latitude,S,N1,5
57,韻,押韻,おういん,rhyme,S,N1,5
63,鬱,憂鬱,ゆううつ,depression,S,N1,5
86,閲,閲覧,えつらん,browsing (the web),S,N1,5
92,宴,宴会,えんかい,banquet,S,N1,5
103,艶,艶やか,あでやか,charming/bewitching,S,N1,5
111,旺,旺盛,おうせい,lively/energetic/healthy/vigorous,S,N1,5
122,臆,臆病,おくびょう,cowardly/timid,S,N1,5
126,卸,卸売,おろしうり,wholesale,S,N1,5
139,佳,佳作,かさく,good piece of work,S,N1,5
145,架,架空,かくう,fictitious/imaginary,S,N1,5
152,渦,渦,うず,vortex,S,N1,5
158,寡,寡婦,かふ,a widow,S,N1,5
165,瓦,瓦,かわら,roof tile,S,N1,5
168,芽,芽,め,sprout,G4,N1,5
169,賀,賀正,がしょう,"Happy New Year! (only written in cards, not spoken)",G5,N1,5
192,潰,潰す,つぶす,to smash/crush,S,N1,5
198,劾,弾劾,だんがい,impeachment,S,N1,5
204,蓋,蓋,ふた,lid,S,N1,5
207,骸,死骸,しがい,corpse,S,N1,5
208,垣,垣根,かきね,hedge,S,N1,5
217,郭,輪郭,りんかく,contour,S,N1,5
221,閣,内閣,ないかく,Cabinet (government),G6,N1,5
224,嚇,威嚇,いかく,menacing,S,N1,5
225,穫,収穫,しゅうかく,harvest,S,N1,5
240,褐,褐色,かっしょく,dark brown​,S,N1,5
241,轄,管轄,かんかつ,jurisdiction,S,N1,5
242,且,且つ,かつ,moreover,S,N1,5
245,鎌,鎌倉市,かまくらし,Kamakura City,S,N1,5
246,刈,刈る,かる,"to cut/trim (grass, hair, etc.)",S,N1,5
290,艦,艦隊,かんたい,(naval fleet),S,N1,5
308,忌,忌まわしい,いまわしい,abominable,S,N1,5
309,汽,汽船,きせん,steam train/steamship,G2,N1,5
314,軌,軌道,きどう,orbit/track,S,N1,5
332,毀,毀損,きそん,"damage, injury, harm, defamation",S,N1,5
335,畿,近畿地方,きんきちほう,another name for the Kansai region,S,N1,5
338,騎,騎手,きしゅ,horseman,S,N1,5
346,戯,戯曲,ぎきょく,"drama, play",S,N1,5
350,菊,菊,きく,chrysanthemum,S,N1,5
356,脚,脚本,きゃくほん,screen play,S,N1,5
367,朽,老朽,ろうきゅう,"decrepit
",S,N1,5
368,臼,臼,うす,Japanese mortar,S,N1,5
379,嗅,嗅ぐ,かく,sniff,S,N1,5
393,漁,漁師,りょうし,fisherman,G4,N2,5
399,享,享受,きょうじゅ,enjoyment,S,N1,5
403,峡,海峡,かいきょう,channel/strait (connecting land masses or bodies of water),S,N1,5
415,矯,矯正,きょうせい,correction,S,N1,5
421,暁,暁,あかつき,"dawn, daybreak",S,N1,5
440,錦,錦,にしき,brocade fabric,S,N1,5
441,謹,謹慎,きんしん,self restraint,S,N1,5
442,襟,襟,えり,collar,S,N1,5
443,吟,吟味,ぎんみ,"close examination, scrutiny",S,N1,5
459,窟,洞窟,どうくつ,cavern/cave,S,N1,5
464,勲,勲章,くんしょう,"medal, decoration",S,N1,5
474,茎,茎,くき,plant stem,S,N1,5
480,啓,啓発,けいはつ,enlightenment,S,N1,5
481,掲,掲示,けいじ,"post, bulletin, notice",S,N1,5
505,桁,桁,けた,"beam, column",S,N1,5
511,傑,傑作,けっさく,masterpiece,S,N1,5
542,顕,顕微鏡,けんびきょう,microscope,S,N1,5
549,弦,弦,つる,string (of a string instrument ex. guitar),S,N1,5
590,勾,勾配,こうばい,slope,S,N1,5
604,坑,坑道,こうどう,mine shaft,S,N1,5
624,耕,耕す,たがやす,to till/to plow/to plough/to cultivate,G5,N2,5
626,貢,貢献,こうけん,contribution,S,N1,5
631,梗,心筋梗塞,しんきんこうそく,heart attack,S,N1,5
640,鉱,鉱石,こうせき,ore,G5,N2,5
643,酵,酵素,こうそ,enzyme,S,N1,5
644,稿,原稿,げんこう,manuscript,S,N1,5
646,衡,均衡,きんこう,"equilibrium, balance",S,N1,5
650,乞,乞食,こじき,begger,S,N1,5
655,傲,傲慢,ごうまん,pride/arrogance,S,N1,5
663,穀,穀類,こくもつ,grains,G6,N1,5
667,駒,駒,こま,chess/shogi piece,S,N1,5
678,紺,濃紺,のうこん,dark blue,S,N1,5
681,懇,懇話,こんわ,friendly chat,S,N1,5
687,唆,唆す,そそのかす,"to instigate, to tempt, to entice, to incite​",S,N1,5
689,詐,詐欺,さぎ,"fraud, scam",S,N1,5
692,挫,挫く/捻挫,くじく/ねんざ,to sprain/a sprain,S,N1,5
705,斎,斎場,さいじょう,funeral hall,S,N1,5
712,塞,"塞ぐ/塞がる
",ふさぐ/ふたがる,"to close up, block/to be closed up, become blocked",S,N1,5
726,柵,柵,さく,fence,S,N1,5
730,搾,搾取,さくしゅ,exploitation,S,N1,5
731,錯,錯覚,さっかく,illusion,S,N1,5
736,刹,刹那,せつな,"moment, instant",S,N1,5
747,桟,桟橋,さんばし,pier,S,N1,5
757,斬,斬新,ざんしん,"novel (original, new)",S,N1,5
796,嗣,嗣,し,heir,S,N1,5
805,諮,諮問,しもん,consultation,S,N1,5
820,慈,慈悲,じひ,mercy,S,N1,5
823,餌,餌,えさ,bait,S,N1,5
828,軸,軸,じく,axis,S,N1,5
833,疾,疾っくに,とっくに,"""its about time...""",S,N1,5
836,嫉,嫉妬,しっと,"jealousy, envy",S,N1,5
837,漆,漆/漆器,"うるし/しっき
",lacquer,S,N1,5
848,赦,恩赦,おんしゃ,amnesty,S,N1,5
851,遮,遮る,さえぎる,"to intercept, to interrupt, to obstruct",S,N1,5
857,酌,酌む,くむ,to pour sake,S,N1,5
858,釈,釈明,しゃくめい,explanation,S,N1,5
870,殊,特殊,とくしゅ,"special, unique",S,N1,5
894,袖,袖,そで,sleeves,S,N1,5
903,酬,報酬,ほうしゅう,remuneration,S,N1,5
921,淑,淑やか,しとやか,graceful,S,N1,5
929,俊,俊足,しゅんそく,fast runner,S,N1,5
935,准,批准,ひじゅん,ratification,S,N1,5
936,殉,殉教者,じゅんきょう,martyr,S,N1,5
942,遵,遵守,じゅんしゅ,"observance (of laws, rules etc.)",S,N1,5
956,叙,叙情,じょじょう,lyricism,S,N1,5
966,肖,肖像画,しょうぞうが,portrait,S,N1,5
988,掌,掌握,しょうあく,"to seize, grasp",S,N1,5
998,奨,奨学金,しょうがくきん,scholarship (money),S,N1,5
1001,彰,表彰,ひょうしょう,public acknowledgement,S,N1,5
1016,浄,浄化する,じょうか,,S,N1,5
1024,壌,土壌,どじょう,soil,S,N1,5
1026,錠,手錠,てじょう,handcuffs,S,N1,5
1028,醸,醸造,じょうぞう,brewing,S,N1,5
1036,嘱,嘱託,しょくたく,commission,S,N1,5
1045,芯,芯,しん,mechanical pencil lead,S,N1,5
1068,薪,薪,まき,fireword,S,N1,5
1074,迅,迅速,じんそく,fast,S,N1,5
1079,須,必須,ひっす,required,S,N1,5
1085,帥,元帥,げんすい,field marshal,S,N1,5
1092,穂,穂,ほ,ear (ex. of corn) ,S,N1,5
1093,随,随分,ずいぶん,"very, extremely",S,N1,5
1096,崇,崇拝,すうはい,worship,S,N1,5
1098,据,据える,すえる,to place (in position),S,N1,5
1100,裾,裾,すそ,hem,S,N1,5
1102,瀬,早瀬,はやせ,"swift current, rapids",S,N1,5
1113,征,征服,せいふく,"conquest, subjugation",S,N1,5
1136,醒,覚醒,かくせい,awakening (figurative),S,N1,5
1139,斥,排斥,はいせき,"ostracism, rejection",S,N1,5
1146,隻,隻 （一隻）,せき　（いっせき）,counter for ships (one ship),S,N2,5
1148,戚,親戚,しんせき,relatives,S,N1,5
1156,拙,拙速,せっそく,hastily done,S,N1,5
1157,窃,窃盗,せっとう,theft,S,N1,5
1161,摂,摂取,せっしゅ,"intake, ingestion",S,N1,5
1178,栓,栓抜き,せんぬき,bottle opener,S,N1,5
1179,旋,旋律,せんりつ,melody,S,N1,5
1185,詮,所詮,しょせん,after all,S,N1,5
1186,践,実践,じっせん,put into practice,S,N1,5
1187,箋,処方箋,しょほうせん,a prescription,S,N1,5
1191,遷,変遷,へんせん,transition,S,N1,5
1193,薦,推薦,すいせん,"recommendation, referral, endorsement",S,N1,5
1194,繊,繊維,せんい,textile fiber,S,N1,5
1201,漸,漸く,ようやく,"finally, at last​",S,N1,5
1202,膳,膳,ぜん,small Japanese dining table,S,N1,5
1207,租,租税,そぜい,tax/taxation,S,N1,5
1209,措,措置,そち,"measure, step, action",S,N1,5
1214,塑,可塑性,かそせい,plasticity,S,N1,5
1215,遡,遡る,さかのぼる,to go upstream​/to go back,S,N1,5
1224,荘,別荘,べっそう,"vacation home, villa",S,N1,5
1238,喪,喪失,そうしつ,"a loss (ex. of memory, confidence etc.)",S,N1,5
1247,槽,浄化槽,じょうかそう,septic tank,S,N1,5
1248,踪,失踪,しっそう,disappearance,S,N1,5
1250,燥,乾燥,かんそう,dry skin,S,N2,5
1267,捉,捉える,とらえる,to catch; to capture; to seize; to arrest,S,N1,5
1283,遜,遜色,そんしょく,inferior,S,N1,5
1299,胎,胎児,たいじ,fetus,S,N1,5
1322,拓,開拓,かいたく,reclamation (on land),S,N1,5
1323,託,託す,たくす,to entrust (someone) with,S,N1,5
1326,濁,"濁る/濁す
",にごる/にごす,to make muddy/to become muddy,S,N1,5
1344,綻,綻びる,ほころびる,to break into a smile/to come apart at the seam,S,N1,5
1346,鍛,鍛える,きたえる,"to forge, to temper",S,N1,5
1354,壇,"壇/壇上

","だん/だんじょう
",platform/stage,S,N1,5
1365,緻,緻密,ちみつ,"minute, fine, precise",S,N1,5
1368,逐,逐語的,ちくごてき,verbatim,S,N1,5
1371,秩,秩序,ちつじょ,"order, discipline",S,N1,5
1372,窒,窒息,ちっそく,suffocation,S,N1,5
1375,嫡,嫡出/嫡子,"ちゃくしゅつ/ちゃくし
",legitimate (ex. legitimate birth/legitimate child),S,N1,5
1386,衷,折衷,せっちゅう,compromise,S,N1,5
1393,弔,弔辞,ちょうじ,a message of condolensces ,S,N1,5
1407,貼,貼付,ちょうふ,paste,S,N1,5
1409,腸,腸,ちょう,intestines,G4,N1,5
1412,嘲,嘲る,あざける,"to scoff, to laugh at, to make fun of, to ridicule",S,N1,5
1414,澄,"澄む/澄ます
",すむ/すます,"to become/make clear (water, air, etc.)",S,N1,5
1417,懲,懲りる,こりる,to learn by experience,S,N1,5
1420,捗,捗る,はかどる,to make progress,S,N1,5
1432,塚,塚,つか,mound,S,N1,5
1438,呈,呈する,ていしている,"to display, present, exhibit",S,N1,5
1439,廷,法廷,ほうてい,courtroom,S,N1,5
1450,逓,逓信,ていしん,"communications (ex. post, tele.)",S,N1,5
1453,堤,堤防,ていぼう,levee,S,N1,5
1461,笛,笛,ふえ,"flute, recorder, clarinet and othe similar instruments",G3,N1,5
1479,塡,充填,じゅうてん,filling (up),S,N1,5
1482,殿,御殿場市,ごてんばし,Gotenba City,S,N2,5
1486,妬,嫉妬,しっと,"jealousy, envy",S,N1,5
1515,悼,悼む,いたむ,"to grieve over, to mourn, to lament",S,N1,5
1520,棟,病棟,びょうとう,hospital ward,S,N1,5
1522,痘,天然痘,てんねんとう,small pox,S,N1,5
1528,稲,稲,いね,rice plant,S,N1,5
1535,騰,沸騰,ふっとう,boiling,S,N1,5
1537,洞,洞察,どうさつ,insight,S,N1,5
1547,峠,峠,とうげ,"mountain pass, peak",S,N1,5
1553,篤,危篤,きとく,to be in critical condition,S,N1,5
1561,屯,屯,トン,a metric ton/tonne,S,N1,5
1563,頓,整頓,せいとん,orderly,S,N1,5
1564,貪,貪る,むさぼる,"to covet, to crave, to lust insatiably for",S,N1,5
1604,把,把握,はあく,"to grasp, understand",S,N1,5
1611,罵,罵る,ののしる,"to shout verbal abuse, to curse at",S,N1,5
1625,培,培養,ばいよう,a microbiological culture,S,N1,5
1627,媒,触媒,しょくばい,catalyst (chemistry),S,N1,5
1629,賠,賠償,ばいしょう,"reparations, compensation",S,N1,5
1651,伐,伐採,ばっさい,logging,S,N1,5
1659,帆,帆,ほ,(boat) sail,S,N1,5
1660,汎,汎用,はんよう,"generic, all-purpose",S,N1,5
1667,班,班,はん,team,G6,N1,5
1671,斑,斑点,はんてん,"spots, flecks, speckles, patches",S,N1,5
1673,搬,運搬,うんぱん,transport,S,N1,5
1681,蛮,野蛮,やばん,"barbarian, barbarous, barbaric",S,N1,5
1689,披,披露宴,ひろうえん,reception (ex. wedding),S,N1,5
1700,碑,"碑/記念碑
","いしぶみ/きねんひ
",monument,S,N1,5
1713,泌,分泌,ぶんぴつ,secretion,S,N1,5
1719,俵,俵,たわら,bale (straw bag),G5,N1,5
1732,賓,賓客,ひんきゃく,guest of honor,S,N1,5
1733,頻,頻りに,しきりに,eagerly,S,N1,5
1735,瓶,瓶詰め,びんづめ,bottling,S,N2,5
1748,赴,赴任,ふにん,assignment (moving to a new location for work),S,N1,5
1757,賦,月賦,げっぷ,monthly installment,S,N1,5
1773,覆,覆う,おおう,"to cover, hide, conceal",S,N1,5
1791,併,合併,がっぺい,merger,S,N1,5
1794,陛,陛下,へいか,Your Majesty; His Majesty; Her Majesty,G6,N1,5
1796,塀,塀,へい,fence,S,N1,5
1806,蔑,軽蔑,けいべつ,contempt,S,N1,5
1812,遍,普遍,ふへん,universal,S,N1,5
1819,哺,哺乳類,ほにゅうるい,mammal,S,N1,5
1826,慕,慕う,したう,to yearn for,S,N1,5
1828,簿,名簿,めいぼ,"roster, register of names",S,N1,5
1832,邦,連邦,れんぽう,commonwealth,S,N1,5
1833,奉,奉仕,ほうし,"service, church work, ministry",S,N1,5
1841,倣,模倣,もほう,imitation,S,N1,5
1842,峰,峰,みね,"peak, summit",S,N1,5
1851,縫,裁縫,さいほう,sewing,S,N1,5
1864,紡,紡績,ぼうせき,spinning (textiles),S,N1,5
1866,傍,傍ら,かたわら,beside,S,N1,5
1870,貌,全貌,ぜんぼう,"whole story, full picture",S,N1,5
1877,朴,素朴,そぼく,"simple, artless, unsophisticated",S,N1,5
1879,睦,親睦,しんぼく,"amity, fellowship",S,N1,5
1884,勃,勃起,ぼっき,(penile) erection,S,N1,5
1885,堀,堀,ほり,moat,S,N1,5
1898,昧,曖昧,あいまい,"vague, ambiguous, unclear​",S,N1,5
1901,膜,膜,まく,membrane,S,N1,5
1905,抹,抹消,まっしょう,erasure,S,N1,5
1932,銘,感銘,かんめい,to be deeply impressed,S,N1,5
1944,耗,消耗,しょうもう,exhaustion,S,N1,5
1950,紋,紋,もん,"family crest, coat of arms",S,N1,5
1975,悠,悠々,ゆうゆう,quiet/calm/leisurely,S,N1,5
1977,湧,湧く,わく,"to well (up), to gush forth (of water)",S,N1,5
1978,猶,猶予,ゆうよ,postpone,S,N1,5
1998,庸,庸,よう,mediocre ,S,N1,5
2008,窯,窯,かま,"stove, furnace, kiln",S,N1,5
2010,擁,擁護,ようご,legal protection,S,N1,5
2011,謡,謡,うたい,noh chanting,S,N1,5
2014,沃,沃地,よくち,fertile land,S,N1,5
2021,羅,羅針盤,らしんばん,compass,S,N1,5
2027,酪,酪農,らくのう,dairy farming,S,N1,5
2032,濫,乱獲,らんかく,overfishing,S,N1,5
2054,隆,隆盛,りゅうせい,prosperity,S,N1,5
2073,糧,糧食,りょうしょく,"provisions, supplies",S,N1,5
2077,厘,厘,りん,one-hundredth,S,N1,5
2084,累,累積,るいせき,accumulation,S,N1,5
2085,塁,塁,るい,base,S,N1,5
2096,隷,奴隷,どれい,slave,S,N1,5
2109,錬,洗練,せんれん,refinement,S,N1,5
2111,炉,暖炉,だんろ,fireplace,S,N1,5
2112,賂,賄賂,わいろ,a bribe,S,N1,5
2117,弄,弄る,いじる,"to fiddle with, touch, play with",S,N1,5
2119,朗,朗読,ろうどく,to recite (a poem etc),G6,N1,5
2124,籠,籠,かご,basket/cage,S,N1,5
29,萎,萎む,しぼむ,to wither,S,N1,6
32,彙,語彙,ごい,vocabulary,S,N1,6
42,壱,壱岐島,いきしま,Iki Island (Nagasaki Prefecture),S,N1,6
44,茨,茨城県,いばらきけん,Ibaraki Prefecture,S,N1,6
49,咽,咽喉,いんこう,throat (medical term),S,N1,6
50,姻,姻戚,いんせき,relative by marriage,S,N1,6
53,淫,淫,みだら,lewdness,S,N1,6
62,唄,長唄,ながうた,a style of traditional Japanese folk song ,S,N1,6
64,畝,畝ねり,うねり,swell of waves,S,N1,6
65,浦,津々浦々,つつうらうら,"throughout the land, from far and wide",S,N1,6
74,詠,詠,えい,recitation (of a poem),S,N1,6
79,疫,疫癘,えきれい,epidemic/plague,S,N1,6
83,悦,悦に入る,えつにいる,to gloat/to glow with self satisfaction,S,N1,6
85,謁,拝謁,はいえつ,having an audience with someone of high social standing,S,N1,6
91,怨,怨恨,えんこん,grudge,S,N1,6
93,媛,愛媛県,えひめけん,Ehime Prefecture,S,N1,6
115,翁,翁,おう/おきな,venerable old man,S,N1,6
123,虞,虞犯,ぐはん, likelihood of committing a crime; pre-delinquent,S,N1,6
156,禍,戦禍,せんか,war damages,S,N1,6
160,箇,箇所,かしょ,"place, part, point",S,N1,6
164,牙, 牙,きば,fang,S,N1,6
171,餓,飢餓,きが,"starvation, famine",S,N1,6
190,楷,楷書,かいしょ,printed style of writing chinese characters,S,N1,6
195,諧,諧和,かいわ,harmony,S,N1,6
235,喝,喝采,かっさい,applause/ovation,S,N1,6
238,葛,葛,くず,japanese arrowroot,S,N1,6
255,冠,冠,かんむり,"traditional shinto cap, crown",S,N1,6
269,款,款,かん,subsection,S,N1,6
271,閑,閑古鳥が鳴く,かんこどりがなく,to be in a slump (of a business),S,N1,6
280,歓,交歓,こうかん,exchange of courtesies,S,N1,6
284,還,還元,かんげん,"restoration, return/reduction",S,N1,6
289,韓,韓国,かんこく,Korea,S,N1,6
302,伎,技,わざ,technique; art; skill; move,S,N1,6
374,糾,紛糾,ふんきゅう,"complication, confusion, disorder​",S,N1,6
407,恭,恭賀,きょうが,respectful congratulations,S,N1,6
428,巾,巾着袋,きんちゃくぶくろ,draw string bag,S,N1,6
429,斤,斤量,きんりょう,weight (often in reference to horses),S,N1,6
437,僅,僅か,わずか,"slightly,a little, a few, only",S,N1,6
450,惧,危惧,きぐ,apprehension/fear,S,N1,6
454,遇,境遇,きょうぐう,one's condition/circumstance/situation (in life),S,N1,6
465,薫,余薫,よくん,lingering oder,S,N1,6
491,詣,詣でる,もうでる,to make a pilgrimage,S,N1,6
492,慶,弁慶,べんけい," strong person, person putting on a brave front",S,N1,6
493,憬,憧憬/憧憬,しょうけい/どうけい,longing/yearning,S,N1,6
494,稽,滑稽,こっけい,comical,S,N1,6
501,隙,隙間,すきま,"gap, crevice",S,N1,6
553,舷,舷,げん,"side of a boat, gunwale",S,N1,6
574,錮,錮ぐ,ふさぐ,"to tie, confine",S,N1,6
599,后,皇后,こうごう,empress/empress consort ,G6,N1,6
613,侯,侯,こう,"marquis, lord, daimyo",S,N1,6
615,恒,恒久的,こうきゅうてき,permanent,S,N1,6
654,剛,剛健,ごうけん,"vigor, strength",S,N1,6
677,痕,創痕/傷痕 （傷跡）,そうこん/きずあと,scar ,S,N1,6
680,墾,墾く,ひらく,cultivate farmland,S,N1,6
684,沙,ご無沙汰,ごぶさた,not writing or contacting for a while,S,N1,6
697,采,喝采,かっさい,"applause, ovation",S,N1,6
710,債,(債)務救済,(さい)むきゅうさい,(debt) relief,S,N1,6
783,肢,上肢/下肢,"じょうし/かし
",upper limbs/lower limbs,S,N1,6
789,恣,恣,ほしいまま,"selfish, indulgent/arbitrary",S,N1,6
803,摯,摯実,しじつ,sincerity,S,N1,6
804,賜,賜る,たまわる,to be bestoyed,S,N1,6
819,滋,滋賀県　,しがけん,Shiga Prefecture,S,N1,6
824,璽,璽,じ,the emperor's seal,S,N1,6
830,𠮟,叱る,しかる,to scold,S,N1,6
855,尺,尺度,しゃくど,measure (the measure of),G6,N1,6
859,爵,伯爵 (Ex. ドラキュラ伯爵),はくしゃく(Ex. ドラキュラはくしゃ),Count (Ex. Count Dracula),S,N1,6
871,珠,真珠,しんじゅ,a pearl,S,N1,6
896,羞,羞恥心,しゅうちしん,shame,S,N1,6
922,粛,粛清,しゅくせい,(political) purge​,S,N1,6
960,升,升,ます,"box (seating at a theater), square/cell of a grid",S,N1,6
965,抄,抄録,しょうろく,"abstract, selection, summary",S,N1,6
974,宵,今宵,こよい,"this evening, tonight",S,N1,6
978,祥,発祥,はっしょう,origin,S,N1,6
994,詔,詔,みことのり,imperial decree,S,N1,6
1072,仁,仁,じん,,G6,N1,6
1094,髄,神髄/真髄,しんずい,quintessence,S,N1,6
1095,枢,中枢,ちゅうすう,center,S,N1,6
1099,杉,杉,すぎ,Japanese cedar,S,N1,6
1101,寸,寸法,すんぽう,size/dimensions,G6,N1,6
1125,婿,婿養子,むこようし,adopted son in law,S,N1,6
1182,煎,煎餅,せんべい,senbei cracker,S,N1,6
1184,腺,腺,せん,"gland (ex. prostate gland, thyroid gland)",S,N1,6
1286,汰,ご無沙汰,ごぶさた,not writing or contacting for a while,S,N1,6
1291,惰,惰性,だせい,inertia,S,N1,6
1302,泰,安泰,あんたい,security,S,N1,6
1303,堆,堆積,たいせき,sedimentation​,S,N1,6
1327,但,但し,ただし,,S,N1,6
1333,丹,丹精,たんせい,working earnestly/with great effort,S,N1,6
1388,鋳,鋳造,ちゅうぞう,casting (metal),S,N1,6
1419,勅,詔勅,しょうちょく,a rescript,S,N1,6
1423,朕,朕思うに,ちんおもうに,"""We, the emperor,...""",S,N1,6
1424,陳,陳列,ちんれつ,"display, exhibition",S,N1,6
1426,鎮,重鎮,じゅうちん,"leader, authority",S,N1,6
1429,墜,墜落,ついらく,crash (ex. plane crash),S,N1,6
1434,坪,坪,つぼ,tsubo (a traditional unit of land area),S,N1,6
1456,艇,競艇,きょうてい,Japanese boat racing,S,N1,6
1466,溺 ,溺れる,おぼれる,to drown (or almost drown),S,N1,6
1467,迭,更迭,こうてつ,change/reshuffle (of personnel),S,N1,6
1484,斗,斗,と,to (a traditional unit of volume),S,N1,6
1532,謄,謄本,とうほん,"certified copy, transcript",S,N1,6
1579,弐,弐心,ふたごころ/にしん,"duplicity, deceitful, two-faced, double-dealing",S,N1,6
1636,舶,船舶,せんぱく,"vessel, ship",S,N1,6
1657,氾,氾濫,はんらん,"oversupply, overflow, to be inudated",S,N1,6
1668,畔,湖畔,こはん,lakeside,S,N1,6
1675,頒,頒布,はんぷ,distribution,S,N1,6
1678,藩,藩,はん,feudal domain/clan,S,N1,6
1685,妃,王妃,おうひ,queen,S,N1,6
1701,罷,罷免,ひめん,dismissal (from a position),S,N1,6
1741,扶,扶養,ふよう,to support (a dependent),S,N1,6
1744,阜,岐阜県,ぎふけん,Gifu Prefecture,S,N1,6
1746,訃,訃報,ふほう,obituary,S,N1,6
1758,譜,楽譜,がくふ,"score, sheet music",S,N1,6
1788,丙,丙,へい,third rank,S,N1,6
1797,幣,紙幣,しへい,"bank note, bill",S,N1,6
1798,弊,弊害,へいがい,evil practice,S,N1,6
1799,蔽,隠蔽,いんぺい,"concealment, suppression, hiding",S,N1,6
1831,芳,芳しい,かんばしい,aromatic,S,N1,6
1878,牧,牧場,ぼくじょう,pasture,G4,N1,6
1887,奔,奔放,ほんぽう,uninhibited,S,N1,6
1889,凡,平凡,へいぼん,mediocre,S,N1,6
1930,冥,冥福,めいふく,happiness in the next world,S,N1,6
1952,冶,冶金,やきん,metallurgy,S,N1,6
1966,愉,愉快,ゆかい,pleasant,S,N1,6
2028,辣,辛辣,しんらつ,sharp/bitter (criticism),S,N1,6
2034,欄,欄,らん,newspaper column,S,N1,6
2035,吏,吏員,りいん,official,S,N1,6
2047,慄,戦慄,せんりつ,shudder with fear,S,N1,6
2049,柳,柳の木,やなぎのき,willow tree,S,N1,6
2055,硫,硫黄,いおう,sulfur,S,N1,6
2056,侶,伴侶,はんりょ,"companion, partner, spouse​",S,N1,6
2058,虜,捕虜,ほりょ,prisoner of war,S,N1,6
2065,猟,狩猟,しゅりょう,hunting,S,N1,6
2066,陵,陵,みささぎ,imperial mausoleum/tomb,S,N1,6
2072,瞭,明瞭,めいりょう,"clear, clarity",S,N1,6
2107,廉,廉売,れんばい,bargain sale,S,N1,6
2122,楼,楼閣,ろうかく,multistoried building/tower,S,N1,6